Workbook

Sheet ep_b
A1: 0.11358 | B1: 0.11355 | C1: 0.11358 | D1: 0.1136 | E1: 0.11364 | F1: 0.11366 | G1: 0.11414 | H1: 0.03751 | I1: 0.03983 | J1: 0.03924 | K1: 0.03659 | L1: 0.03333 | M1: 0.03753 | N1: 0.04048 | O1: 0.04392 | P1: 0.05129 | Q1: 0.05087 | R1: 0.04892 | S1: 0.04835 | T1: 0.04733 | U1: 0.04625 | V1: 0.04755 | W1: 0.04817 | X1: 0.05248 | Y1: 0.06144 | Z1: 0.0753 | AA1: 0.08038 | AB1: 0.07313 | AC1: 0.06228 | AD1: 0.05222 | AE1: 0.04847 | AF1: 0.19176 | AG1: 0.19247 | AH1: 0.19284 | AI1: 0.19356 | AJ1: 0.19706 | AK1: 0.19452 | AL1: 0.18855 | AM1: 0.17678 | AN1: 0.17071 | AO1: 0.16049 | AP1: 0.1536 | AQ1: 0.12103 | AR1: 0.11352 | AS1: 0.11237 | AT1: 0.1123 | AU1: 0.11229 | AV1: 0.11229 | AW1: 0.11222 | AX1: 0.11469 | AY1: 0.15419 | AZ1: 0.17321 | BA1: 0.17421 | BB1: 0.1706 | BC1: 0.16849 | BD1: 0.16749 | BE1: 0.16802 | BF1: 0.17446 | BG1: 0.18078 | BH1: 0.18719 | BI1: 0.19588 | BJ1: 0.19657 | BK1: 0.19263 | BL1: 0.18683 | BM1: 0.18101 | BN1: 0.1786 | BO1: 0.17172 | BP1: 0.1709 | BQ1: 0.16406 | BR1: 0.1536 | BS1: 0.13908 | BT1: 0.1486 | BU1: 0.17133 | BV1: 0.18625 | BW1: 0.19862 | BX1: 0.20507 | BY1: 0.2078 | BZ1: 0.20521 | CA1: 0.20363 | CB1: 0.1999 | CC1: 0.19956 | CD1: 0.20571 | CE1: 0.21222 | CF1: 0.21933 | CG1: 0.24683 | CH1: 0.25825 | CI1: 0.2386 | CJ1: 0.21719 | CK1: 0.21361 | CL1: 0.20846 | CM1: 0.20243 | CN1: 0.19968 | CO1: 0.19411 | CP1: 0.19061 | CQ1: 0.18681 | CR1: 0.18765 | CS1: 0.18963 | CT1: 0.1946 | CU1: 0.2006 | CV1: 0.20317 | CW1: 0.20853 | CX1: 0.20988 | CY1: 0.21182 | CZ1: 0.20584 | DA1: 0.20514 | DB1: 0.21001 | DC1: 0.21365 | DD1: 0.21657 | DE1: 0.22098 | DF1: 0.22205 | DG1: 0.21756 | DH1: 0.21369 | DI1: 0.20779 | DJ1: 0.20852 | DK1: 0.2004 | DL1: 0.19585 | DM1: 0.1938 | DN1: 0.18973 | DO1: 0.18661 | DP1: 0.18661 | DQ1: 0.18819 | DR1: 0.1887 | DS1: 0.19499 | DT1: 0.202 | DU1: 0.20583 | DV1: 0.2109 | DW1: 0.21403 | DX1: 0.21276 | DY1: 0.20882 | DZ1: 0.20615 | EA1: 0.20869 | EB1: 0.21345 | EC1: 0.21787 | ED1: 0.21723 | EE1: 0.2126 | EF1: 0.20574 | EG1: 0.2016 | EH1: 0.20017 | EI1: 0.19347 | EJ1: 0.19768 | EK1: 0.19342 | EL1: 0.19036 | EM1: 0.18706 | EN1: 0.18546 | EO1: 0.18568 | EP1: 0.1885 | EQ1: 0.19129 | ER1: 0.19539 | ES1: 0.19846 | ET1: 0.20075 | EU1: 0.20274 | EV1: 0.20226 | EW1: 0.19841 | EX1: 0.19794 | EY1: 0.20161 | EZ1: 0.20702 | FA1: 0.21537 | FB1: 0.21845 | FC1: 0.21715 | FD1: 0.2141 | FE1: 0.20691 | FF1: 0.20477 | FG1: 0.19746 | FH1: 0.20062 | FI1: 0.19792 | FJ1: 0.19542 | FK1: 0.19271 | FL1: 0.19208 | FM1: 0.1957 | FN1: 0.2079 | FO1: 0.2247 | FP1: 0.23471 | FQ1: 0.23143 | FR1: 0.2242 | FS1: 0.2166 | FT1: 0.2091 | FU1: 0.2062 | FV1: 0.2136 | FW1: 0.22158 | FX1: 0.23047 | FY1: 0.24273 | FZ1: 0.24361 | GA1: 0.23572 | GB1: 0.22781 | GC1: 0.21643 | GD1: 0.21358 | GE1: 0.20509 | GF1: 0.20176 | GG1: 0.20064 | GH1: 0.1986 | GI1: 0.19774 | GJ1: 0.19932 | GK1: 0.20288 | GL1: 0.22211 | GM1: 0.23766 | GN1: 0.24684 | GO1: 0.23451 | GP1: 0.22679 | GQ1: 0.21938 | GR1: 0.21382 | GS1: 0.21442 | GT1: 0.22449 | GU1: 0.233 | GV1: 0.24145 | GW1: 0.25144 | GX1: 0.2514 | GY1: 0.24403 | GZ1: 0.23384 | HA1: 0.22528 | HB1: 0.21978 | HC1: 0.21069 | HD1: 0.20289 | HE1: 0.20036 | HF1: 0.20033 | HG1: 0.19969 | HH1: 0.1999 | HI1: 0.20265 | HJ1: 0.22248 | HK1: 0.23989 | HL1: 0.25488 | HM1: 0.24399 | HN1: 0.23216 | HO1: 0.22273 | HP1: 0.21581 | HQ1: 0.21921 | HR1: 0.22651 | HS1: 0.2374 | HT1: 0.24824 | HU1: 0.25739 | HV1: 0.2536 | HW1: 0.24575 | HX1: 0.2336 | HY1: 0.22336 | HZ1: 0.21809 | IA1: 0.20963 | IB1: 0.20535 | IC1: 0.20219 | ID1: 0.20085 | IE1: 0.19598 | IF1: 0.19555 | IG1: 0.20296 | IH1: 0.21567 | II1: 0.23046 | IJ1: 0.2546 | IK1: 0.24276 | IL1: 0.22725 | IM1: 0.22008 | IN1: 0.21298 | IO1: 0.2126 | IP1: 0.21958 | IQ1: 0.23156 | IR1: 0.25095 | IS1: 0.26369 | IT1: 0.25029 | IU1: 0.24591 | IV1: 0.23148 | IW1: 0.22079 | IX1: 0.2136 | IY1: 0.21082 | IZ1: 0.20464 | JA1: 0.20182 | JB1: 0.19882 | JC1: 0.19823 | JD1: 0.19794 | JE1: 0.19892 | JF1: 0.20571 | JG1: 0.23176 | JH1: 0.25434 | JI1: 0.24856 | JJ1: 0.23561 | JK1: 0.22833 | JL1: 0.22058 | JM1: 0.21668 | JN1: 0.21814 | JO1: 0.2236 | JP1: 0.2336 | JQ1: 0.2411 | JR1: 0.2396 | JS1: 0.23307 | JT1: 0.22239 | JU1: 0.21208 | JV1: 0.20697 | JW1: 0.19898 | JX1: 0.2036 | JY1: 0.1986 | JZ1: 0.1956 | KA1: 0.19207 | KB1: 0.1886 | KC1: 0.18852 | KD1: 0.1917 | KE1: 0.19582 | KF1: 0.19886 | KG1: 0.18871 | KH1: 0.18781 | KI1: 0.18632 | KJ1: 0.18395 | KK1: 0.17727 | KL1: 0.18151 | KM1: 0.18221 | KN1: 0.18438 | KO1: 0.18782 | KP1: 0.18941 | KQ1: 0.18742 | KR1: 0.18666 | KS1: 0.18453 | KT1: 0.1779 | KU1: 0.17676 | KV1: 0.17762 | KW1: 0.17571 | KX1: 0.17653 | KY1: 0.17761 | KZ1: 0.17827 | LA1: 0.1788 | LB1: 0.18091 | LC1: 0.18526 | LD1: 0.19034 | LE1: 0.19474 | LF1: 0.19423 | LG1: 0.19544 | LH1: 0.19399 | LI1: 0.19064 | LJ1: 0.19275 | LK1: 0.19592 | LL1: 0.20022 | LM1: 0.20546 | LN1: 0.21057 | LO1: 0.20251 | LP1: 0.1946 | LQ1: 0.1922 | LR1: 0.18899 | LS1: 0.18079 | LT1: 0.1815 | LU1: 0.1786 | LV1: 0.17754 | LW1: 0.17564 | LX1: 0.17564 | LY1: 0.18285 | LZ1: 0.19355 | MA1: 0.19744 | MB1: 0.2129 | MC1: 0.21389 | MD1: 0.20848 | ME1: 0.20386 | MF1: 0.19746 | MG1: 0.19575 | MH1: 0.1981 | MI1: 0.20304 | MJ1: 0.21112 | MK1: 0.22006 | ML1: 0.2264 | MM1: 0.22398 | MN1: 0.21602 | MO1: 0.20538 | MP1: 0.20309 | MQ1: 0.20003 | MR1: 0.19505 | MS1: 0.19467 | MT1: 0.19352 | MU1: 0.19179 | MV1: 0.19057 | MW1: 0.19505 | MX1: 0.20767 | MY1: 0.22837 | MZ1: 0.25771 | NA1: 0.2522 | NB1: 0.2356 | NC1: 0.2236 | ND1: 0.21703 | NE1: 0.20858 | NF1: 0.2096 | NG1: 0.22385 | NH1: 0.22499 | NI1: 0.24175 | NJ1: 0.24091 | NK1: 0.22537 | NL1: 0.20909 | NM1: 0.19981 | NN1: 0.19564 | NO1: 0.19129 | NP1: 0.18521 | NQ1: 0.18512 | NR1: 0.18429 | NS1: 0.18334 | NT1: 0.18307 | NU1: 0.18466 | NV1: 0.18869 | NW1: 0.19799 | NX1: 0.2101 | NY1: 0.21976 | NZ1: 0.22393 | OA1: 0.2247 | OB1: 0.23131 | OC1: 0.2353 | OD1: 0.23534 | OE1: 0.23906 | OF1: 0.24216 | OG1: 0.25412 | OH1: 0.23719 | OI1: 0.22788 | OJ1: 0.2234 | OK1: 0.21469 | OL1: 0.20788 | OM1: 0.19777 | ON1: 0.19493 | OO1: 0.1908 | OP1: 0.18889 | OQ1: 0.18851 | OR1: 0.19117 | OS1: 0.1946 | OT1: 0.20504 | OU1: 0.22515 | OV1: 0.23949 | OW1: 0.23577 | OX1: 0.2245 | OY1: 0.22155 | OZ1: 0.20715 | PA1: 0.20122 | PB1: 0.20003 | PC1: 0.20785 | PD1: 0.21312 | PE1: 0.21828 | PF1: 0.21686 | PG1: 0.20813 | PH1: 0.20057 | PI1: 0.19672 | PJ1: 0.19453 | PK1: 0.18721 | PL1: 0.18418 | PM1: 0.18055 | PN1: 0.17923 | PO1: 0.17636 | PP1: 0.17692 | PQ1: 0.18107 | PR1: 0.19154 | PS1: 0.20077 | PT1: 0.21787 | PU1: 0.21666 | PV1: 0.20875 | PW1: 0.19996 | PX1: 0.19043 | PY1: 0.18695 | PZ1: 0.18881 | QA1: 0.19105 | QB1: 0.19829 | QC1: 0.2072 | QD1: 0.2053 | QE1: 0.19583 | QF1: 0.1876 | QG1: 0.18472 | QH1: 0.18224 | QI1: 0.17835 | QJ1: 0.1796 | QK1: 0.17705 | QL1: 0.17714 | QM1: 0.17542 | QN1: 0.17545 | QO1: 0.17535 | QP1: 0.17619 | QQ1: 0.1805 | QR1: 0.18842 | QS1: 0.1915 | QT1: 0.1854 | QU1: 0.18437 | QV1: 0.18133 | QW1: 0.18238 | QX1: 0.18699 | QY1: 0.19271 | QZ1: 0.2014 | RA1: 0.20853 | RB1: 0.21347 | RC1: 0.20517 | RD1: 0.19557 | RE1: 0.18934 | RF1: 0.18828 | RG1: 0.18273 | RH1: 0.18043 | RI1: 0.17115 | RJ1: 0.16875 | RK1: 0.16449 | RL1: 0.16211 | RM1: 0.16105 | RN1: 0.15913 | RO1: 0.15756 | RP1: 0.16496 | RQ1: 0.16796 | RR1: 0.15966 | RS1: 0.16227 | RT1: 0.15208 | RU1: 0.15129 | RV1: 0.1579 | RW1: 0.16264 | RX1: 0.16343 | RY1: 0.17025 | RZ1: 0.17505 | SA1: 0.17224 | SB1: 0.1651 | SC1: 0.16606 | SD1: 0.16399 | SE1: 0.15306 | SF1: 0.15026 | SG1: 0.13584 | SH1: 0.13222 | SI1: 0.11864 | SJ1: 0.11866 | SK1: 0.1336 | SL1: 0.1541 | SM1: 0.17407 | SN1: 0.18008 | SO1: 0.17118 | SP1: 0.17515 | SQ1: 0.1742 | SR1: 0.17052 | SS1: 0.17032 | ST1: 0.17183 | SU1: 0.17333 | SV1: 0.17359 | SW1: 0.18454 | SX1: 0.19095 | SY1: 0.18559 | SZ1: 0.18025 | TA1: 0.1706 | TB1: 0.16949 | TC1: 0.16348 | TD1: 0.12983 | TE1: 0.1237 | TF1: 0.12297 | TG1: 0.11777 | TH1: 0.12382 | TI1: 0.15283 | TJ1: 0.17336 | TK1: 0.19002 | TL1: 0.18342 | TM1: 0.18353 | TN1: 0.17357 | TO1: 0.1734 | TP1: 0.17274 | TQ1: 0.17303 | TR1: 0.1763 | TS1: 0.18823 | TT1: 0.19255 | TU1: 0.19519 | TV1: 0.19811 | TW1: 0.18815 | TX1: 0.17555 | TY1: 0.16734 | TZ1: 0.15896 | UA1: 0.14686 | UB1: 0.11665 | UC1: 0.11357 | UD1: 0.11296 | UE1: 0.10919 | UF1: 0.10876 | UG1: 0.11342 | UH1: 0.12836 | UI1: 0.15569 | UJ1: 0.16518 | UK1: 0.16436 | UL1: 0.1637 | UM1: 0.16438 | UN1: 0.15292 | UO1: 0.15004 | UP1: 0.15864 | UQ1: 0.16355 | UR1: 0.1644 | US1: 0.16781 | UT1: 0.16692 | UU1: 0.16369 | UV1: 0.15578 | UW1: 0.15364 | UX1: 0.15561 | UY1: 0.15213 | UZ1: 0.15794 | VA1: 0.15866 | VB1: 0.15694 | VC1: 0.15852 | VD1: 0.15982 | VE1: 0.16598 | VF1: 0.1827 | VG1: 0.19125 | VH1: 0.20547 | VI1: 0.20157 | VJ1: 0.19755 | VK1: 0.19226 | VL1: 0.18855 | VM1: 0.19146 | VN1: 0.20067 | VO1: 0.20751 | VP1: 0.21606 | VQ1: 0.23698 | VR1: 0.22914 | VS1: 0.21239 | VT1: 0.20467 | VU1: 0.19991 | VV1: 0.19403 | VW1: 0.18876 | VX1: 0.1764 | VY1: 0.1756 | VZ1: 0.17209 | WA1: 0.17133 | WB1: 0.17067 | WC1: 0.16576 | WD1: 0.17297 | WE1: 0.18472 | WF1: 0.19019 | WG1: 0.18418 | WH1: 0.17521 | WI1: 0.17274 | WJ1: 0.16588 | WK1: 0.16007 | WL1: 0.16288 | WM1: 0.16371 | WN1: 0.16634 | WO1: 0.1743 | WP1: 0.17235 | WQ1: 0.17856 | WR1: 0.17238 | WS1: 0.17562 | WT1: 0.17318 | WU1: 0.17068 | WV1: 0.1691 | WW1: 0.16863 | WX1: 0.16981 | WY1: 0.16865 | WZ1: 0.16934 | XA1: 0.17043 | XB1: 0.17267 | XC1: 0.17951 | XD1: 0.18889 | XE1: 0.18616 | XF1: 0.17366 | XG1: 0.17021 | XH1: 0.16944 | XI1: 0.16748 | XJ1: 0.17332 | XK1: 0.18604 | XL1: 0.19722 | XM1: 0.20697 | XN1: 0.20955 | XO1: 0.20613 | XP1: 0.19802 | XQ1: 0.18967 | XR1: 0.18957 | XS1: 0.1863 | XT1: 0.18037 | XU1: 0.17452 | XV1: 0.17325 | XW1: 0.17354 | XX1: 0.175 | XY1: 0.17771 | XZ1: 0.17413 | YA1: 0.17324 | YB1: 0.17323 | YC1: 0.16868 | YD1: 0.16476 | YE1: 0.15935 | YF1: 0.15518 | YG1: 0.15369 | YH1: 0.16425 | YI1: 0.17001 | YJ1: 0.18247 | YK1: 0.19144 | YL1: 0.18553 | YM1: 0.18348 | YN1: 0.18185 | YO1: 0.17077 | YP1: 0.17303 | YQ1: 0.1696 | YR1: 0.16357 | YS1: 0.16086 | YT1: 0.16172 | YU1: 0.16157 | YV1: 0.16518 | YW1: 0.17366 | YX1: 0.1936 | YY1: 0.20717 | YZ1: 0.21277 | ZA1: 0.20199 | ZB1: 0.1925 | ZC1: 0.18487 | ZD1: 0.18384 | ZE1: 0.18859 | ZF1: 0.19615 | ZG1: 0.2112 | ZH1: 0.22203 | ZI1: 0.24102 | ZJ1: 0.2309 | ZK1: 0.22112 | ZL1: 0.20558 | ZM1: 0.20039 | ZN1: 0.19702 | ZO1: 0.19389 | ZP1: 0.18554 | ZQ1: 0.18239 | ZR1: 0.18297 | ZS1: 0.18104 | ZT1: 0.18078 | ZU1: 0.18297 | ZV1: 0.19203 | ZW1: 0.2042 | ZX1: 0.20953 | ZY1: 0.19853 | ZZ1: 0.19075 | AAA1: 0.1837 | AAB1: 0.1817 | AAC1: 0.18183 | AAD1: 0.18553 | AAE1: 0.19309 | AAF1: 0.19596 | AAG1: 0.20177 | AAH1: 0.21283 | AAI1: 0.20551 | AAJ1: 0.19964 | AAK1: 0.1916 | AAL1: 0.18861 | AAM1: 0.18511 | AAN1: 0.18533 | AAO1: 0.18379 | AAP1: 0.18449 | AAQ1: 0.18342 | AAR1: 0.18274 | AAS1: 0.18742 | AAT1: 0.19845 | AAU1: 0.22177 | AAV1: 0.23353 | AAW1: 0.20721 | AAX1: 0.19658 | AAY1: 0.19069 | AAZ1: 0.18851 | ABA1: 0.18126 | ABB1: 0.18029 | ABC1: 0.18947 | ABD1: 0.19522 | ABE1: 0.20151 | ABF1: 0.20038 | ABG1: 0.18725 | ABH1: 0.17963 | ABI1: 0.17056 | ABJ1: 0.16768 | ABK1: 0.15333 | ABL1: 0.16066 | ABM1: 0.15472 | ABN1: 0.15576 | ABO1: 0.15665 | ABP1: 0.16051 | ABQ1: 0.16894 | ABR1: 0.18261 | ABS1: 0.19972 | ABT1: 0.2061 | ABU1: 0.19989 | ABV1: 0.19727 | ABW1: 0.19082 | ABX1: 0.1812 | ABY1: 0.17086 | ABZ1: 0.18234 | ACA1: 0.18867 | ACB1: 0.19065 | ACC1: 0.20521 | ACD1: 0.20827 | ACE1: 0.21149 | ACF1: 0.20357 | ACG1: 0.19689 | ACH1: 0.19548 | ACI1: 0.18698 | ACJ1: 0.17787 | ACK1: 0.17354 | ACL1: 0.1716 | ACM1: 0.16829 | ACN1: 0.16683 | ACO1: 0.16867 | ACP1: 0.18054 | ACQ1: 0.19059 | ACR1: 0.20292 | ACS1: 0.1995 | ACT1: 0.19437 | ACU1: 0.18875 | ACV1: 0.1784 | ACW1: 0.17012 | ACX1: 0.16843 | ACY1: 0.16669 | ACZ1: 0.16633 | ADA1: 0.1721 | ADB1: 0.18257 | ADC1: 0.17694 | ADD1: 0.16866 | ADE1: 0.16328 | ADF1: 0.15963 | ADG1: 0.14965 | ADH1: 0.13834 | ADI1: 0.12645 | ADJ1: 0.12033 | ADK1: 0.12411 | ADL1: 0.12213 | ADM1: 0.1224 | ADN1: 0.13008 | ADO1: 0.14777 | ADP1: 0.15959 | ADQ1: 0.15957 | ADR1: 0.14922 | ADS1: 0.14402 | ADT1: 0.14418 | ADU1: 0.14422 | ADV1: 0.15434 | ADW1: 0.1573 | ADX1: 0.16296 | ADY1: 0.17143 | ADZ1: 0.18217 | AEA1: 0.17958 | AEB1: 0.16797 | AEC1: 0.16481 | AED1: 0.16441 | AEE1: 0.15231 | AEF1: 0.1489 | AEG1: 0.12364 | AEH1: 0.11683 | AEI1: 0.11428 | AEJ1: 0.1136 | AEK1: 0.1136 | AEL1: 0.1136 | AEM1: 0.11465 | AEN1: 0.12247 | AEO1: 0.12343 | AEP1: 0.12447 | AEQ1: 0.12641 | AER1: 0.12742 | AES1: 0.11822 | AET1: 0.12332 | AEU1: 0.12932 | AEV1: 0.13203 | AEW1: 0.15251 | AEX1: 0.15961 | AEY1: 0.14977 | AEZ1: 0.14265 | AFA1: 0.13812 | AFB1: 0.13804 | AFC1: 0.11417 | AFD1: 0.1136 | AFE1: 0.11357 | AFF1: 0.11353 | AFG1: 0.11347 | AFH1: 0.11355 | AFI1: 0.11402 | AFJ1: 0.15257 | AFK1: 0.17251 | AFL1: 0.17592 | AFM1: 0.17046 | AFN1: 0.16653 | AFO1: 0.15375 | AFP1: 0.12065 | AFQ1: 0.11469 | AFR1: 0.11861 | AFS1: 0.1667 | AFT1: 0.17432 | AFU1: 0.18207 | AFV1: 0.18238 | AFW1: 0.17544 | AFX1: 0.17408 | AFY1: 0.17325 | AFZ1: 0.1699 | AGA1: 0.16101 | AGB1: 0.14864 | AGC1: 0.14125 | AGD1: 0.12068 | AGE1: 0.11667 | AGF1: 0.11554 | AGG1: 0.13298 | AGH1: 0.1636 | AGI1: 0.18176 | AGJ1: 0.1756 | AGK1: 0.17495 | AGL1: 0.17016 | AGM1: 0.1653 | AGN1: 0.15707 | AGO1: 0.15614 | AGP1: 0.15371 | AGQ1: 0.16351 | AGR1: 0.17012 | AGS1: 0.17657 | AGT1: 0.17556 | AGU1: 0.17476 | AGV1: 0.17274 | AGW1: 0.17004 | AGX1: 0.17012 | AGY1: 0.16596 | AGZ1: 0.15477 | AHA1: 0.14912 | AHB1: 0.14775 | AHC1: 0.16019 | AHD1: 0.16807 | AHE1: 0.17323 | AHF1: 0.18843 | AHG1: 0.20027 | AHH1: 0.2006 | AHI1: 0.19913 | AHJ1: 0.19477 | AHK1: 0.19161 | AHL1: 0.18958 | AHM1: 0.19284 | AHN1: 0.19159 | AHO1: 0.20181 | AHP1: 0.2109 | AHQ1: 0.23365 | AHR1: 0.24982 | AHS1: 0.2233 | AHT1: 0.21351 | AHU1: 0.20125 | AHV1: 0.19723 | AHW1: 0.19281 | AHX1: 0.1873 | AHY1: 0.1868 | AHZ1: 0.18575 | AIA1: 0.18654 | AIB1: 0.18725 | AIC1: 0.19145 | AID1: 0.20068 | AIE1: 0.2236 | AIF1: 0.24675 | AIG1: 0.22715 | AIH1: 0.21139 | AII1: 0.20547 | AIJ1: 0.20298 | AIK1: 0.20458 | AIL1: 0.2085 | AIM1: 0.20798 | AIN1: 0.20661 | AIO1: 0.2166 | AIP1: 0.20827 | AIQ1: 0.19966 | AIR1: 0.1968 | AIS1: 0.19421 | AIT1: 0.1892 | AIU1: 0.17958 | AIV1: 0.17403 | AIW1: 0.17221 | AIX1: 0.16934 | AIY1: 0.16521 | AIZ1: 0.16356 | AJA1: 0.16592 | AJB1: 0.17268 | AJC1: 0.18039 | AJD1: 0.18373 | AJE1: 0.18197 | AJF1: 0.18312 | AJG1: 0.18354 | AJH1: 0.18145 | AJI1: 0.18134 | AJJ1: 0.18682 | AJK1: 0.19516 | AJL1: 0.20372 | AJM1: 0.20905 | AJN1: 0.20905 | AJO1: 0.20065 | AJP1: 0.19404 | AJQ1: 0.1888 | AJR1: 0.18851 | AJS1: 0.18454 | AJT1: 0.1767 | AJU1: 0.17768 | AJV1: 0.178 | AJW1: 0.17799 | AJX1: 0.17801 | AJY1: 0.17942 | AJZ1: 0.18451 | AKA1: 0.18846 | AKB1: 0.1913 | AKC1: 0.19398 | AKD1: 0.18819 | AKE1: 0.18303 | AKF1: 0.1819 | AKG1: 0.18032 | AKH1: 0.18313 | AKI1: 0.19077 | AKJ1: 0.19973 | AKK1: 0.20255 | AKL1: 0.20122 | AKM1: 0.19461 | AKN1: 0.188 | AKO1: 0.18144 | AKP1: 0.17946 | AKQ1: 0.17706 | AKR1: 0.16908 | AKS1: 0.16727 | AKT1: 0.1662 | AKU1: 0.16043 | AKV1: 0.15724 | AKW1: 0.15985 | AKX1: 0.16279 | AKY1: 0.16676 | AKZ1: 0.16866 | ALA1: 0.17157 | ALB1: 0.17476 | ALC1: 0.17914 | ALD1: 0.1782 | ALE1: 0.17572 | ALF1: 0.17759 | ALG1: 0.1799 | ALH1: 0.18429 | ALI1: 0.1921 | ALJ1: 0.19434 | ALK1: 0.19332 | ALL1: 0.19035 | ALM1: 0.18432 | ALN1: 0.18199 | ALO1: 0.17761 | ALP1: 0.17795 | ALQ1: 0.17519 | ALR1: 0.17425 | ALS1: 0.17299 | ALT1: 0.17281 | ALU1: 0.1786 | ALV1: 0.1896 | ALW1: 0.19901 | ALX1: 0.2176 | ALY1: 0.2101 | ALZ1: 0.19907 | AMA1: 0.19274 | AMB1: 0.18097 | AMC1: 0.17735 | AMD1: 0.17755 | AME1: 0.18 | AMF1: 0.19202 | AMG1: 0.2075 | AMH1: 0.2096 | AMI1: 0.20268 | AMJ1: 0.19275 | AMK1: 0.18514 | AML1: 0.17947 | AMM1: 0.1755 | AMN1: 0.18219 | AMO1: 0.17897 | AMP1: 0.17701 | AMQ1: 0.17409 | AMR1: 0.17366 | AMS1: 0.17719 | AMT1: 0.18429 | AMU1: 0.19578 | AMV1: 0.2027 | AMW1: 0.18872 | AMX1: 0.18281 | AMY1: 0.17747 | AMZ1: 0.17413 | ANA1: 0.17386 | ANB1: 0.1767 | ANC1: 0.1843 | AND1: 0.19196 | ANE1: 0.20861 | ANF1: 0.21348 | ANG1: 0.20459 | ANH1: 0.19157 | ANI1: 0.18546 | ANJ1: 0.18199 | ANK1: 0.17834 | ANL1: 0.17423 | ANM1: 0.17294 | ANN1: 0.16936 | ANO1: 0.16839 | ANP1: 0.16866 | ANQ1: 0.17203 | ANR1: 0.17683 | ANS1: 0.18634 | ANT1: 0.19333 | ANU1: 0.18325 | ANV1: 0.17746 | ANW1: 0.17689 | ANX1: 0.17623 | ANY1: 0.17742 | ANZ1: 0.18263 | AOA1: 0.18583 | AOB1: 0.19214 | AOC1: 0.19657 | AOD1: 0.20118 | AOE1: 0.19807 | AOF1: 0.19008 | AOG1: 0.18328 | AOH1: 0.1818 | AOI1: 0.1774 | AOJ1: 0.17531 | AOK1: 0.17473 | AOL1: 0.1739 | AOM1: 0.17335 | AON1: 0.17554 | AOO1: 0.17966 | AOP1: 0.18581 | AOQ1: 0.19517 | AOR1: 0.19627 | AOS1: 0.19236 | AOT1: 0.18778 | AOU1: 0.18356 | AOV1: 0.18023 | AOW1: 0.17979 | AOX1: 0.18351 | AOY1: 0.18865 | AOZ1: 0.19265 | APA1: 0.2006 | APB1: 0.20051 | APC1: 0.18921 | APD1: 0.18407 | APE1: 0.17657 | APF1: 0.17669 | APG1: 0.17251 | APH1: 0.16536 | API1: 0.16468 | APJ1: 0.16352 | APK1: 0.16241 | APL1: 0.16498 | APM1: 0.16713 | APN1: 0.17275 | APO1: 0.18299 | APP1: 0.1841 | APQ1: 0.17844 | APR1: 0.16797 | APS1: 0.1666 | APT1: 0.16593 | APU1: 0.16591 | APV1: 0.16738 | APW1: 0.17619 | APX1: 0.18359 | APY1: 0.18618 | APZ1: 0.19102 | AQA1: 0.19038 | AQB1: 0.18607 | AQC1: 0.183 | AQD1: 0.18165 | AQE1: 0.17362 | AQF1: 0.17091 | AQG1: 0.1706 | AQH1: 0.16948 | AQI1: 0.16826 | AQJ1: 0.16822 | AQK1: 0.16908 | AQL1: 0.16877 | AQM1: 0.1705 | AQN1: 0.17849 | AQO1: 0.17689 | AQP1: 0.17562 | AQQ1: 0.17429 | AQR1: 0.17186 | AQS1: 0.16885 | AQT1: 0.17269 | AQU1: 0.18243 | AQV1: 0.18863 | AQW1: 0.20153 | AQX1: 0.22366 | AQY1: 0.20388 | AQZ1: 0.19453 | ARA1: 0.18817 | ARB1: 0.18604 | ARC1: 0.18271 | ARD1: 0.17598 | ARE1: 0.16841 | ARF1: 0.16504 | ARG1: 0.16392 | ARH1: 0.16379 | ARI1: 0.16207 | ARJ1: 0.15962 | ARK1: 0.16257 | ARL1: 0.16088 | ARM1: 0.15663 | ARN1: 0.15405 | ARO1: 0.1546 | ARP1: 0.1537 | ARQ1: 0.15348 | ARR1: 0.15647 | ARS1: 0.16789 | ART1: 0.17647 | ARU1: 0.1856 | ARV1: 0.18726 | ARW1: 0.18419 | ARX1: 0.17831 | ARY1: 0.17343 | ARZ1: 0.17093 | ASA1: 0.16754 | ASB1: 0.1576 | ASC1: 0.15664 | ASD1: 0.15781 | ASE1: 0.15751 | ASF1: 0.15852 | ASG1: 0.16517 | ASH1: 0.1822 | ASI1: 0.19269 | ASJ1: 0.19744 | ASK1: 0.18863 | ASL1: 0.18443 | ASM1: 0.18273 | ASN1: 0.17607 | ASO1: 0.17459 | ASP1: 0.17956 | ASQ1: 0.18288 | ASR1: 0.18511 | ASS1: 0.18985 | AST1: 0.21125 | ASU1: 0.19358 | ASV1: 0.18546 | ASW1: 0.18107 | ASX1: 0.17987 | ASY1: 0.17267 | ASZ1: 0.17166 | ATA1: 0.16792 | ATB1: 0.16756 | ATC1: 0.16708 | ATD1: 0.16659 | ATE1: 0.16839 | ATF1: 0.18413 | ATG1: 0.202 | ATH1: 0.20449 | ATI1: 0.19215 | ATJ1: 0.18344 | ATK1: 0.17448 | ATL1: 0.16712 | ATM1: 0.16502 | ATN1: 0.16539 | ATO1: 0.16976 | ATP1: 0.17668 | ATQ1: 0.18414 | ATR1: 0.18485 | ATS1: 0.18707 | ATT1: 0.18208 | ATU1: 0.17493 | ATV1: 0.17046 | ATW1: 0.16637 | ATX1: 0.16425 | ATY1: 0.16207 | ATZ1: 0.16044 | AUA1: 0.15837 | AUB1: 0.15899 | AUC1: 0.16363 | AUD1: 0.1796 | AUE1: 0.19494 | AUF1: 0.19871 | AUG1: 0.18394 | AUH1: 0.1777 | AUI1: 0.17399 | AUJ1: 0.16661 | AUK1: 0.16482 | AUL1: 0.16737 | AUM1: 0.1792 | AUN1: 0.18352 | AUO1: 0.18323 | AUP1: 0.18218 | AUQ1: 0.17499 | AUR1: 0.16571 | AUS1: 0.15958 | AUT1: 0.15531 | AUU1: 0.14882 | AUV1: 0.14407 | AUW1: 0.14061 | AUX1: 0.14067 | AUY1: 0.14155 | AUZ1: 0.1506 | AVA1: 0.16165 | AVB1: 0.17969 | AVC1: 0.19013 | AVD1: 0.19551 | AVE1: 0.18769 | AVF1: 0.18555 | AVG1: 0.18213 | AVH1: 0.18237 | AVI1: 0.18258 | AVJ1: 0.17825 | AVK1: 0.17835 | AVL1: 0.17685 | AVM1: 0.17536 | AVN1: 0.17351 | AVO1: 0.16602 | AVP1: 0.15605 | AVQ1: 0.13808 | AVR1: 0.12566 | AVS1: 0.11551 | AVT1: 0.12283 | AVU1: 0.11467 | AVV1: 0.11479 | AVW1: 0.11369 | AVX1: 0.11362 | AVY1: 0.11369 | AVZ1: 0.15328 | AWA1: 0.17066 | AWB1: 0.17295 | AWC1: 0.16529 | AWD1: 0.16024 | AWE1: 0.15525 | AWF1: 0.1507 | AWG1: 0.1472 | AWH1: 0.15268 | AWI1: 0.16311 | AWJ1: 0.17668 | AWK1: 0.1874 | AWL1: 0.20004 | AWM1: 0.19761 | AWN1: 0.18657 | AWO1: 0.18286 | AWP1: 0.18158 | AWQ1: 0.1787 | AWR1: 0.18007 | AWS1: 0.1775 | AWT1: 0.1731 | AWU1: 0.1688 | AWV1: 0.16899 | AWW1: 0.1707 | AWX1: 0.17527 | AWY1: 0.17971 | AWZ1: 0.178 | AXA1: 0.1712 | AXB1: 0.16276 | AXC1: 0.15944 | AXD1: 0.15392 | AXE1: 0.14582 | AXF1: 0.1512 | AXG1: 0.1586 | AXH1: 0.16955 | AXI1: 0.18527 | AXJ1: 0.1936 | AXK1: 0.18773 | AXL1: 0.17877 | AXM1: 0.17354 | AXN1: 0.16982 | AXO1: 0.1658 | AXP1: 0.17017 | AXQ1: 0.16904 | AXR1: 0.16898 | AXS1: 0.16849 | AXT1: 0.16879 | AXU1: 0.16867 | AXV1: 0.17031 | AXW1: 0.17352 | AXX1: 0.17518 | AXY1: 0.17542 | AXZ1: 0.16991 | AYA1: 0.16772 | AYB1: 0.1636 | AYC1: 0.15963 | AYD1: 0.16344 | AYE1: 0.1686 | AYF1: 0.1814 | AYG1: 0.19579 | AYH1: 0.20729 | AYI1: 0.19278 | AYJ1: 0.18359 | AYK1: 0.17952 | AYL1: 0.17883 | AYM1: 0.17198 | AYN1: 0.17143 | AYO1: 0.17042 | AYP1: 0.1693 | AYQ1: 0.1654 | AYR1: 0.1669 | AYS1: 0.17152 | AYT1: 0.18362 | AYU1: 0.1935 | AYV1: 0.1952 | AYW1: 0.18743 | AYX1: 0.18025 | AYY1: 0.17863 | AYZ1: 0.17202 | AZA1: 0.17179 | AZB1: 0.17489 | AZC1: 0.17855 | AZD1: 0.18359 | AZE1: 0.1906 | AZF1: 0.19892 | AZG1: 0.19461 | AZH1: 0.18581 | AZI1: 0.17929 | AZJ1: 0.17881 | AZK1: 0.17436 | AZL1: 0.17122 | AZM1: 0.17115 | AZN1: 0.17095 | AZO1: 0.17047 | AZP1: 0.17095 | AZQ1: 0.1767 | AZR1: 0.18791 | AZS1: 0.20923 | AZT1: 0.20938 | AZU1: 0.19441 | AZV1: 0.18231 | AZW1: 0.17853 | AZX1: 0.17286 | AZY1: 0.17285 | AZZ1: 0.17831 | BAA1: 0.18566 | BAB1: 0.19342 | BAC1: 0.21162 | BAD1: 0.2254 | BAE1: 0.21877 | BAF1: 0.19796 | BAG1: 0.18597 | BAH1: 0.18387 | BAI1: 0.17857 | BAJ1: 0.17396 | BAK1: 0.173 | BAL1: 0.17494 | BAM1: 0.17706 | BAN1: 0.17734 | BAO1: 0.18104 | BAP1: 0.1879 | BAQ1: 0.21249 | BAR1: 0.21809 | BAS1: 0.19906 | BAT1: 0.18759 | BAU1: 0.18115 | BAV1: 0.17753 | BAW1: 0.17432 | BAX1: 0.17511 | BAY1: 0.18403 | BAZ1: 0.18856 | BBA1: 0.20664 | BBB1: 0.20684 | BBC1: 0.19189 | BBD1: 0.17904 | BBE1: 0.17619 | BBF1: 0.17762 | BBG1: 0.16872 | BBH1: 0.16871 | BBI1: 0.16693 | BBJ1: 0.16366 | BBK1: 0.16063 | BBL1: 0.16075 | BBM1: 0.16692 | BBN1: 0.17563 | BBO1: 0.18734 | BBP1: 0.18749 | BBQ1: 0.18399 | BBR1: 0.17407 | BBS1: 0.16861 | BBT1: 0.16758 | BBU1: 0.16962 | BBV1: 0.16867 | BBW1: 0.17856 | BBX1: 0.18458 | BBY1: 0.19488 | BBZ1: 0.19986 | BCA1: 0.19459 | BCB1: 0.18637 | BCC1: 0.18085 | BCD1: 0.1785 | BCE1: 0.1745 | BCF1: 0.17564 | BCG1: 0.17502 | BCH1: 0.17174 | BCI1: 0.17143 | BCJ1: 0.1719 | BCK1: 0.17609 | BCL1: 0.18518 | BCM1: 0.19296 | BCN1: 0.19739 | BCO1: 0.18948 | BCP1: 0.18012 | BCQ1: 0.17836 | BCR1: 0.17668 | BCS1: 0.17823 | BCT1: 0.18071 | BCU1: 0.18617 | BCV1: 0.19254 | BCW1: 0.203 | BCX1: 0.20733 | BCY1: 0.20079 | BCZ1: 0.19109 | BDA1: 0.18522 | BDB1: 0.18366 | BDC1: 0.17999 | BDD1: 0.17355 | BDE1: 0.16963 | BDF1: 0.16962 | BDG1: 0.16908 | BDH1: 0.16848 | BDI1: 0.16959 | BDJ1: 0.17018 | BDK1: 0.17427 | BDL1: 0.17736 | BDM1: 0.17935 | BDN1: 0.17404 | BDO1: 0.17278 | BDP1: 0.16943 | BDQ1: 0.1685 | BDR1: 0.17346 | BDS1: 0.17968 | BDT1: 0.1866 | BDU1: 0.19423 | BDV1: 0.2072 | BDW1: 0.2035 | BDX1: 0.19058 | BDY1: 0.18341 | BDZ1: 0.17454 | BEA1: 0.16859 | BEB1: 0.1681 | BEC1: 0.16723 | BED1: 0.1674 | BEE1: 0.16919 | BEF1: 0.16891 | BEG1: 0.16942 | BEH1: 0.1696 | BEI1: 0.17048 | BEJ1: 0.16837 | BEK1: 0.16759 | BEL1: 0.16561 | BEM1: 0.16306 | BEN1: 0.16111 | BEO1: 0.15611 | BEP1: 0.16044 | BEQ1: 0.16773 | BER1: 0.17388 | BES1: 0.18918 | BET1: 0.19796 | BEU1: 0.20056 | BEV1: 0.1954 | BEW1: 0.1886 | BEX1: 0.18578 | BEY1: 0.18602 | BEZ1: 0.18273 | BFA1: 0.1815 | BFB1: 0.18101 | BFC1: 0.17982 | BFD1: 0.17919 | BFE1: 0.18443 | BFF1: 0.19478 | BFG1: 0.21027 | BFH1: 0.21657 | BFI1: 0.19862 | BFJ1: 0.18553 | BFK1: 0.17849 | BFL1: 0.17753 | BFM1: 0.1747 | BFN1: 0.1761 | BFO1: 0.18346 | BFP1: 0.18955 | BFQ1: 0.20419 | BFR1: 0.21878 | BFS1: 0.21273 | BFT1: 0.19412 | BFU1: 0.18499 | BFV1: 0.18109 | BFW1: 0.17753 | BFX1: 0.17556 | BFY1: 0.17527 | BFZ1: 0.17493 | BGA1: 0.17346 | BGB1: 0.17416 | BGC1: 0.17527 | BGD1: 0.18513 | BGE1: 0.19288 | BGF1: 0.19662 | BGG1: 0.1906 | BGH1: 0.18475 | BGI1: 0.18332 | BGJ1: 0.17961 | BGK1: 0.17943 | BGL1: 0.18321 | BGM1: 0.18427 | BGN1: 0.18988 | BGO1: 0.19567 | BGP1: 0.21798 | BGQ1: 0.22659 | BGR1: 0.20672 | BGS1: 0.19641 | BGT1: 0.18968 | BGU1: 0.18543 | BGV1: 0.1846 | BGW1: 0.1843 | BGX1: 0.18406 | BGY1: 0.18334 | BGZ1: 0.18406 | BHA1: 0.18751 | BHB1: 0.19758 | BHC1: 0.22024 | BHD1: 0.2223 | BHE1: 0.20081 | BHF1: 0.18952 | BHG1: 0.18562 | BHH1: 0.18295 | BHI1: 0.18289 | BHJ1: 0.18424 | BHK1: 0.18586 | BHL1: 0.19466 | BHM1: 0.2136 | BHN1: 0.23318 | BHO1: 0.23285 | BHP1: 0.207 | BHQ1: 0.19375 | BHR1: 0.19158 | BHS1: 0.18794 | BHT1: 0.18693 | BHU1: 0.18592 | BHV1: 0.18394 | BHW1: 0.18231 | BHX1: 0.18349 | BHY1: 0.18673 | BHZ1: 0.19787 | BIA1: 0.2168 | BIB1: 0.2103 | BIC1: 0.19269 | BID1: 0.18491 | BIE1: 0.17976 | BIF1: 0.17529 | BIG1: 0.17386 | BIH1: 0.17693 | BII1: 0.17964 | BIJ1: 0.18352 | BIK1: 0.2028 | BIL1: 0.21931 | BIM1: 0.2039 | BIN1: 0.19609 | BIO1: 0.18695 | BIP1: 0.18692 | BIQ1: 0.18132 | BIR1: 0.18205 | BIS1: 0.18056 | BIT1: 0.18061 | BIU1: 0.17959 | BIV1: 0.1799 | BIW1: 0.18071 | BIX1: 0.19651 | BIY1: 0.20866 | BIZ1: 0.20249 | BJA1: 0.18796 | BJB1: 0.17119 | BJC1: 0.16565 | BJD1: 0.13537 | BJE1: 0.11786 | BJF1: 0.1378 | BJG1: 0.15385 | BJH1: 0.16934 | BJI1: 0.18558 | BJJ1: 0.19736 | BJK1: 0.19358 | BJL1: 0.18506 | BJM1: 0.1785 | BJN1: 0.17863 | BJO1: 0.17349 | BJP1: 0.17016 | BJQ1: 0.16851 | BJR1: 0.16732 | BJS1: 0.16616 | BJT1: 0.1622 | BJU1: 0.16139 | BJV1: 0.16407 | BJW1: 0.16666 | BJX1: 0.16666 | BJY1: 0.16172 | BJZ1: 0.14654 | BKA1: 0.1138 | BKB1: 0.11245 | BKC1: 0.10858 | BKD1: 0.11356 | BKE1: 0.14179 | BKF1: 0.16624 | BKG1: 0.18309 | BKH1: 0.19162 | BKI1: 0.18859 | BKJ1: 0.18086 | BKK1: 0.17407 | BKL1: 0.17413 | BKM1: 0.17089 | BKN1: 0.16225 | BKO1: 0.15966 | BKP1: 0.15458 | BKQ1: 0.14915 | BKR1: 0.14599 | BKS1: 0.14588 | BKT1: 0.14751 | BKU1: 0.15309 | BKV1: 0.14842 | BKW1: 0.13885 | BKX1: 0.11595 | BKY1: 0.1135 | BKZ1: 0.10536 | BLA1: 0.10362 | BLB1: 0.11309 | BLC1: 0.12801 | BLD1: 0.16156 | BLE1: 0.16957 | BLF1: 0.17995 | BLG1: 0.17592 | BLH1: 0.17074 | BLI1: 0.16734 | BLJ1: 0.16668 | BLK1: 0.16565 | BLL1: 0.16253 | BLM1: 0.16293 | BLN1: 0.16381 | BLO1: 0.16288 | BLP1: 0.16359 | BLQ1: 0.1699 | BLR1: 0.19024 | BLS1: 0.1962 | BLT1: 0.19919 | BLU1: 0.19405 | BLV1: 0.1848 | BLW1: 0.17863 | BLX1: 0.17439 | BLY1: 0.17985 | BLZ1: 0.1806 | BMA1: 0.18707 | BMB1: 0.19379 | BMC1: 0.20499 | BMD1: 0.2143 | BME1: 0.22161 | BMF1: 0.20159 | BMG1: 0.19031 | BMH1: 0.18864 | BMI1: 0.18068 | BMJ1: 0.18279 | BMK1: 0.17916 | BML1: 0.18011 | BMM1: 0.1788 | BMN1: 0.18018 | BMO1: 0.18497 | BMP1: 0.20066 | BMQ1: 0.21015 | BMR1: 0.21438 | BMS1: 0.20741 | BMT1: 0.19902 | BMU1: 0.19428 | BMV1: 0.19204 | BMW1: 0.19186 | BMX1: 0.19262 | BMY1: 0.19994 | BMZ1: 0.21521 | BNA1: 0.22666 | BNB1: 0.24852 | BNC1: 0.23817 | BND1: 0.21108 | BNE1: 0.19723 | BNF1: 0.19253 | BNG1: 0.18393 | BNH1: 0.17753 | BNI1: 0.1759 | BNJ1: 0.17539 | BNK1: 0.17497 | BNL1: 0.1776 | BNM1: 0.1804 | BNN1: 0.19092 | BNO1: 0.20187 | BNP1: 0.20351 | BNQ1: 0.19131 | BNR1: 0.18167 | BNS1: 0.17845 | BNT1: 0.17821 | BNU1: 0.17843 | BNV1: 0.17756 | BNW1: 0.18144 | BNX1: 0.18713 | BNY1: 0.20351 | BNZ1: 0.2114 | BOA1: 0.20796 | BOB1: 0.19058 | BOC1: 0.18042 | BOD1: 0.18171 | BOE1: 0.17748 | BOF1: 0.17689 | BOG1: 0.1705 | BOH1: 0.17112 | BOI1: 0.1706 | BOJ1: 0.175 | BOK1: 0.17767 | BOL1: 0.18865 | BOM1: 0.20166 | BON1: 0.19559 | BOO1: 0.17931 | BOP1: 0.16792 | BOQ1: 0.16597 | BOR1: 0.16643 | BOS1: 0.16276 | BOT1: 0.16644 | BOU1: 0.17251 | BOV1: 0.18681 | BOW1: 0.20464 | BOX1: 0.22837 | BOY1: 0.20464 | BOZ1: 0.18769 | BPA1: 0.17623 | BPB1: 0.17322 | BPC1: 0.16526 | BPD1: 0.16199 | BPE1: 0.16018 | BPF1: 0.15917 | BPG1: 0.15755 | BPH1: 0.16056 | BPI1: 0.16295 | BPJ1: 0.17586 | BPK1: 0.18313 | BPL1: 0.18235 | BPM1: 0.1674 | BPN1: 0.16016 | BPO1: 0.15287 | BPP1: 0.15194 | BPQ1: 0.15047 | BPR1: 0.15853 | BPS1: 0.16515 | BPT1: 0.1803 | BPU1: 0.20052 | BPV1: 0.19563 | BPW1: 0.20159 | BPX1: 0.17786 | BPY1: 0.16896 | BPZ1: 0.16995 | BQA1: 0.16293 | BQB1: 0.15772 | BQC1: 0.15561 | BQD1: 0.15429 | BQE1: 0.15248 | BQF1: 0.15227 | BQG1: 0.15394 | BQH1: 0.16086 | BQI1: 0.16491 | BQJ1: 0.16584 | BQK1: 0.16061 | BQL1: 0.15848 | BQM1: 0.15522 | BQN1: 0.1503 | BQO1: 0.13462 | BQP1: 0.12459 | BQQ1: 0.14461 | BQR1: 0.16058 | BQS1: 0.18568 | BQT1: 0.19529 | BQU1: 0.20091 | BQV1: 0.19306 | BQW1: 0.18659 | BQX1: 0.18591 | BQY1: 0.1807 | BQZ1: 0.17859 | BRA1: 0.17409 | BRB1: 0.16957 | BRC1: 0.17235 | BRD1: 0.17405 | BRE1: 0.17409 | BRF1: 0.1762 | BRG1: 0.1702 | BRH1: 0.16418 | BRI1: 0.16075 | BRJ1: 0.159 | BRK1: 0.15951 | BRL1: 0.15541 | BRM1: 0.15375 | BRN1: 0.16166 | BRO1: 0.16972 | BRP1: 0.18536 | BRQ1: 0.19904 | BRR1: 0.20791 | BRS1: 0.20189 | BRT1: 0.19149 | BRU1: 0.18593 | BRV1: 0.1857 | BRW1: 0.17951 | BRX1: 0.17772 | BRY1: 0.17074 | BRZ1: 0.17191 | BSA1: 0.17298 | BSB1: 0.17798 | BSC1: 0.1844 | BSD1: 0.19992 | BSE1: 0.21147 | BSF1: 0.20805 | BSG1: 0.1964 | BSH1: 0.18644 | BSI1: 0.18024 | BSJ1: 0.1813 | BSK1: 0.1819 | BSL1: 0.18254 | BSM1: 0.187 | BSN1: 0.19258 | BSO1: 0.22125 | BSP1: 0.25931 | BSQ1: 0.24013 | BSR1: 0.21732 | BSS1: 0.1948 | BST1: 0.19198 | BSU1: 0.18805 | BSV1: 0.1856 | BSW1: 0.18484 | BSX1: 0.18525 | BSY1: 0.18515 | BSZ1: 0.18484 | BTA1: 0.18461 | BTB1: 0.2031 | BTC1: 0.22438 | BTD1: 0.20947 | BTE1: 0.18562 | BTF1: 0.17896 | BTG1: 0.17242 | BTH1: 0.16807 | BTI1: 0.17032 | BTJ1: 0.17408 | BTK1: 0.18365 | BTL1: 0.1873 | BTM1: 0.21755 | BTN1: 0.24502 | BTO1: 0.24256 | BTP1: 0.2236 | BTQ1: 0.20262 | BTR1: 0.19532 | BTS1: 0.1897 | BTT1: 0.18961 | BTU1: 0.187 | BTV1: 0.1885 | BTW1: 0.1893 | BTX1: 0.18996 | BTY1: 0.1945 | BTZ1: 0.2296 | BUA1: 0.22984 | BUB1: 0.21193 | BUC1: 0.18423 | BUD1: 0.1796 | BUE1: 0.17899 | BUF1: 0.17503 | BUG1: 0.17755 | BUH1: 0.17795 | BUI1: 0.18438 | BUJ1: 0.20067 | BUK1: 0.23328 | BUL1: 0.28214 | BUM1: 0.27265 | BUN1: 0.23855 | BUO1: 0.22012 | BUP1: 0.20967 | BUQ1: 0.19358 | BUR1: 0.18978 | BUS1: 0.18697 | BUT1: 0.18515 | BUU1: 0.18492 | BUV1: 0.1846 | BUW1: 0.18711 | BUX1: 0.20286 | BUY1: 0.21181 | BUZ1: 0.21589 | BVA1: 0.1936 | BVB1: 0.18601 | BVC1: 0.18163 | BVD1: 0.17824 | BVE1: 0.17356 | BVF1: 0.18045 | BVG1: 0.17988 | BVH1: 0.18887 | BVI1: 0.2145 | BVJ1: 0.24073 | BVK1: 0.23645 | BVL1: 0.20764 | BVM1: 0.1932 | BVN1: 0.19108 | BVO1: 0.18483 | BVP1: 0.16994 | BVQ1: 0.16584 | BVR1: 0.16329 | BVS1: 0.16543 | BVT1: 0.1664 | BVU1: 0.17349 | BVV1: 0.1877 | BVW1: 0.18099 | BVX1: 0.18169 | BVY1: 0.16992 | BVZ1: 0.16541 | BWA1: 0.16345 | BWB1: 0.16336 | BWC1: 0.16509 | BWD1: 0.16599 | BWE1: 0.17357 | BWF1: 0.19047 | BWG1: 0.20258 | BWH1: 0.23519 | BWI1: 0.23231 | BWJ1: 0.2086 | BWK1: 0.19585 | BWL1: 0.19375 | BWM1: 0.19107 | BWN1: 0.19137 | BWO1: 0.18607 | BWP1: 0.17952 | BWQ1: 0.17758 | BWR1: 0.17344 | BWS1: 0.17504 | BWT1: 0.17194 | BWU1: 0.16642 | BWV1: 0.15272 | BWW1: 0.1268 | BWX1: 0.11362 | BWY1: 0.11355 | BWZ1: 0.11166 | BXA1: 0.10789 | BXB1: 0.10515 | BXC1: 0.11214 | BXD1: 0.11367 | BXE1: 0.1614 | BXF1: 0.18369 | BXG1: 0.18275 | BXH1: 0.16654 | BXI1: 0.15944 | BXJ1: 0.15388 | BXK1: 0.14199 | BXL1: 0.1457 | BXM1: 0.12688 | BXN1: 0.12373 | BXO1: 0.1306 | BXP1: 0.13352 | BXQ1: 0.14042 | BXR1: 0.12847 | BXS1: 0.11556 | BXT1: 0.1136 | BXU1: 0.1136 | BXV1: 0.1136 | BXW1: 0.1136 | BXX1: 0.1136 | BXY1: 0.1136 | BXZ1: 0.1136 | BYA1: 0.1136 | BYB1: 0.13029 | BYC1: 0.173 | BYD1: 0.1886 | BYE1: 0.1885 | BYF1: 0.1805 | BYG1: 0.17837 | BYH1: 0.17787 | BYI1: 0.17657 | BYJ1: 0.17611 | BYK1: 0.17589 | BYL1: 0.17608 | BYM1: 0.17811 | BYN1: 0.18056 | BYO1: 0.19074 | BYP1: 0.20203 | BYQ1: 0.22747 | BYR1: 0.21328 | BYS1: 0.19103 | BYT1: 0.18365 | BYU1: 0.17726 | BYV1: 0.17545 | BYW1: 0.17682 | BYX1: 0.17812 | BYY1: 0.18757 | BYZ1: 0.19465 | BZA1: 0.22548 | BZB1: 0.2883 | BZC1: 0.26335 | BZD1: 0.21633 | BZE1: 0.19599 | BZF1: 0.19316 | BZG1: 0.18834 | BZH1: 0.1935 | BZI1: 0.1869 | BZJ1: 0.18251 | BZK1: 0.18158 | BZL1: 0.18367 | BZM1: 0.18588 | BZN1: 0.19398 | BZO1: 0.1928 | BZP1: 0.1857 | BZQ1: 0.1756 | BZR1: 0.1631 | BZS1: 0.15063 | BZT1: 0.12509 | BZU1: 0.14095 | BZV1: 0.1507 | BZW1: 0.16553 | BZX1: 0.18166 | BZY1: 0.19465 | BZZ1: 0.21435 | CAA1: 0.2139 | CAB1: 0.1936 | CAC1: 0.19065 | CAD1: 0.18642 | CAE1: 0.18052 | CAF1: 0.17195 | CAG1: 0.17069 | CAH1: 0.17088 | CAI1: 0.17139 | CAJ1: 0.17363 | CAK1: 0.18598 | CAL1: 0.19477 | CAM1: 0.19638 | CAN1: 0.19361 | CAO1: 0.18172 | CAP1: 0.1775 | CAQ1: 0.17073 | CAR1: 0.17126 | CAS1: 0.1736 | CAT1: 0.1814 | CAU1: 0.19253 | CAV1: 0.19774 | CAW1: 0.21413 | CAX1: 0.23953 | CAY1: 0.23254 | CAZ1: 0.21302 | CBA1: 0.19785 | CBB1: 0.19662 | CBC1: 0.18807 | CBD1: 0.19269 | CBE1: 0.1862 | CBF1: 0.17884 | CBG1: 0.17801 | CBH1: 0.18029 | CBI1: 0.1852 | CBJ1: 0.19567 | CBK1: 0.19679 | CBL1: 0.19452 | CBM1: 0.17684 | CBN1: 0.16067 | CBO1: 0.1506 | CBP1: 0.12034 | CBQ1: 0.11365 | CBR1: 0.11364 | CBS1: 0.12342 | CBT1: 0.14677 | CBU1: 0.16632 | CBV1: 0.18757 | CBW1: 0.18393 | CBX1: 0.17614 | CBY1: 0.16543 | CBZ1: 0.14665 | CCA1: 0.1386 | CCB1: 0.1342 | CCC1: 0.13243 | CCD1: 0.12603 | CCE1: 0.12384 | CCF1: 0.12619 | CCG1: 0.12792 | CCH1: 0.13562 | CCI1: 0.13599 | CCJ1: 0.12954 | CCK1: 0.12688 | CCL1: 0.13048 | CCM1: 0.13243 | CCN1: 0.1266 | CCO1: 0.12346 | CCP1: 0.12704 | CCQ1: 0.13518 | CCR1: 0.1631 | CCS1: 0.19353 | CCT1: 0.21557 | CCU1: 0.21905 | CCV1: 0.201 | CCW1: 0.19353 | CCX1: 0.18949 | CCY1: 0.1836 | CCZ1: 0.1829 | CDA1: 0.17176 | CDB1: 0.17248 | CDC1: 0.17255 | CDD1: 0.17283 | CDE1: 0.17865 | CDF1: 0.17217 | CDG1: 0.16139 | CDH1: 0.15883 | CDI1: 0.15698 | CDJ1: 0.14809 | CDK1: 0.13681 | CDL1: 0.12836 | CDM1: 0.12045 | CDN1: 0.12947 | CDO1: 0.1478 | CDP1: 0.16612 | CDQ1: 0.19135 | CDR1: 0.20171 | CDS1: 0.19713 | CDT1: 0.18771 | CDU1: 0.18507 | CDV1: 0.18443 | CDW1: 0.17934 | CDX1: 0.1893 | CDY1: 0.18031 | CDZ1: 0.17858 | CEA1: 0.17408 | CEB1: 0.17234 | CEC1: 0.17806 | CED1: 0.18511 | CEE1: 0.17863 | CEF1: 0.16392 | CEG1: 0.15463 | CEH1: 0.14312 | CEI1: 0.13345 | CEJ1: 0.11666 | CEK1: 0.11463 | CEL1: 0.12887 | CEM1: 0.15467 | CEN1: 0.18034 | CEO1: 0.20292 | CEP1: 0.23089 | CEQ1: 0.19732 | CER1: 0.1836 | CES1: 0.17811 | CET1: 0.1685 | CEU1: 0.16355 | CEV1: 0.16258 | CEW1: 0.15966 | CEX1: 0.15718 | CEY1: 0.163 | CEZ1: 0.16595 | CFA1: 0.17231 | CFB1: 0.17809 | CFC1: 0.17231 | CFD1: 0.17449 | CFE1: 0.16796 | CFF1: 0.14899 | CFG1: 0.12664 | CFH1: 0.11363 | CFI1: 0.11359 | CFJ1: 0.11359 | CFK1: 0.11359 | CFL1: 0.11939 | CFM1: 0.15557 | CFN1: 0.16213 | CFO1: 0.16348 | CFP1: 0.15929 | CFQ1: 0.13957 | CFR1: 0.12107 | CFS1: 0.12157 | CFT1: 0.11488 | CFU1: 0.11421 | CFV1: 0.11447 | CFW1: 0.11554 | CFX1: 0.12087 | CFY1: 0.17082 | CFZ1: 0.18796 | CGA1: 0.18253 | CGB1: 0.16058 | CGC1: 0.11626 | CGD1: 0.11354 | CGE1: 0.11251 | CGF1: 0.11263 | CGG1: 0.11353 | CGH1: 0.1136 | CGI1: 0.11791 | CGJ1: 0.15506 | CGK1: 0.1863 | CGL1: 0.20899 | CGM1: 0.20848 | CGN1: 0.19173 | CGO1: 0.18846 | CGP1: 0.18448 | CGQ1: 0.18773 | CGR1: 0.18535 | CGS1: 0.18365 | CGT1: 0.18611 | CGU1: 0.18594 | CGV1: 0.19231 | CGW1: 0.20851 | CGX1: 0.23153 | CGY1: 0.23153 | CGZ1: 0.21458 | CHA1: 0.22095 | CHB1: 0.20441 | CHC1: 0.19563 | CHD1: 0.19048 | CHE1: 0.18664 | CHF1: 0.18667 | CHG1: 0.1903 | CHH1: 0.20604 | CHI1: 0.22174 | CHJ1: 0.2369 | CHK1: 0.21518 | CHL1: 0.19457 | CHM1: 0.18911 | CHN1: 0.17749 | CHO1: 0.16812 | CHP1: 0.16561 | CHQ1: 0.16377 | CHR1: 0.16517 | CHS1: 0.16554 | CHT1: 0.1687 | CHU1: 0.18112 | CHV1: 0.19276 | CHW1: 0.19078 | CHX1: 0.18554 | CHY1: 0.18305 | CHZ1: 0.17666 | CIA1: 0.17168 | CIB1: 0.16982 | CIC1: 0.16909 | CID1: 0.16977 | CIE1: 0.17068 | CIF1: 0.18268 | CIG1: 0.18896 | CIH1: 0.20426 | CII1: 0.19418 | CIJ1: 0.18689 | CIK1: 0.18507 | CIL1: 0.17513 | CIM1: 0.17632 | CIN1: 0.17268 | CIO1: 0.16956 | CIP1: 0.17019 | CIQ1: 0.1675 | CIR1: 0.1761 | CIS1: 0.18989 | CIT1: 0.19784 | CIU1: 0.1946 | CIV1: 0.18119 | CIW1: 0.1641 | CIX1: 0.13957 | CIY1: 0.12276 | CIZ1: 0.1136 | CJA1: 0.1135 | CJB1: 0.11365 | CJC1: 0.12169 | CJD1: 0.15106 | CJE1: 0.16325 | CJF1: 0.16954 | CJG1: 0.16924 | CJH1: 0.16831 | CJI1: 0.16973 | CJJ1: 0.16867 | CJK1: 0.15668 | CJL1: 0.15861 | CJM1: 0.16049 | CJN1: 0.16116 | CJO1: 0.16425 | CJP1: 0.16848 | CJQ1: 0.17233 | CJR1: 0.17347 | CJS1: 0.17284 | CJT1: 0.16254 | CJU1: 0.14302 | CJV1: 0.11287 | CJW1: 0.0972 | CJX1: 0.05368 | CJY1: 0.05601 | CJZ1: 0.07899 | CKA1: 0.10894 | CKB1: 0.12941 | CKC1: 0.18116 | CKD1: 0.18759 | CKE1: 0.18225 | CKF1: 0.16006 | CKG1: 0.15867 | CKH1: 0.13948 | CKI1: 0.12457 | CKJ1: 0.11369 | CKK1: 0.1136 | CKL1: 0.1136 | CKM1: 0.1136 | CKN1: 0.1136 | CKO1: 0.1136 | CKP1: 0.1136 | CKQ1: 0.1136 | CKR1: 0.11359 | CKS1: 0.11344 | CKT1: 0.11035 | CKU1: 0.10366 | CKV1: 0.08681 | CKW1: 0.09354 | CKX1: 0.10856 | CKY1: 0.11344 | CKZ1: 0.12052 | CLA1: 0.20506 | CLB1: 0.22199 | CLC1: 0.22 | CLD1: 0.20355 | CLE1: 0.19106 | CLF1: 0.18566 | CLG1: 0.18437 | CLH1: 0.18431 | CLI1: 0.18172 | CLJ1: 0.18431 | CLK1: 0.18517 | CLL1: 0.19104 | CLM1: 0.21559 | CLN1: 0.26338 | CLO1: 0.24212 | CLP1: 0.19911 | CLQ1: 0.1942 | CLR1: 0.18483 | CLS1: 0.1783 | CLT1: 0.1736 | CLU1: 0.17149 | CLV1: 0.177 | CLW1: 0.1836 | CLX1: 0.18861 | CLY1: 0.2185 | CLZ1: 0.2509 | CMA1: 0.2384 | CMB1: 0.19845 | CMC1: 0.1906 | CMD1: 0.18379 | CME1: 0.19181 | CMF1: 0.18299 | CMG1: 0.17833 | CMH1: 0.17355 | CMI1: 0.17608 | CMJ1: 0.18194 | CMK1: 0.20029 | CML1: 0.2045 | CMM1: 0.19338 | CMN1: 0.1819 | CMO1: 0.1652 | CMP1: 0.15758 | CMQ1: 0.14965 | CMR1: 0.12369 | CMS1: 0.1241 | CMT1: 0.14264 | CMU1: 0.15187 | CMV1: 0.16375 | CMW1: 0.1795 | CMX1: 0.19535 | CMY1: 0.19534 | CMZ1: 0.18158 | CNA1: 0.17411 | CNB1: 0.14909 | CNC1: 0.13649 | CND1: 0.11955 | CNE1: 0.11979 | CNF1: 0.12259 | CNG1: 0.1399 | CNH1: 0.16363 | CNI1: 0.18951 | CNJ1: 0.21323 | CNK1: 0.21962 | CNL1: 0.19406 | CNM1: 0.18126 | CNN1: 0.16965 | CNO1: 0.16922 | CNP1: 0.14392 | CNQ1: 0.14489 | CNR1: 0.16895 | CNS1: 0.17651 | CNT1: 0.18892 | CNU1: 0.21443 | CNV1: 0.30475 | CNW1: 0.30479 | CNX1: 0.22919 | CNY1: 0.1997 | CNZ1: 0.1897 | COA1: 0.18618 | COB1: 0.18096 | COC1: 0.17584 | COD1: 0.17241 | COE1: 0.17268 | COF1: 0.16917 | COG1: 0.18823 | COH1: 0.1824 | COI1: 0.1658 | COJ1: 0.1436 | COK1: 0.12365 | COL1: 0.11446 | COM1: 0.11451 | CON1: 0.1147 | COO1: 0.11417 | COP1: 0.14317 | COQ1: 0.17334 | COR1: 0.19034 | COS1: 0.2143 | COT1: 0.24796 | COU1: 0.25142 | COV1: 0.21239 | COW1: 0.19602 | COX1: 0.19011 | COY1: 0.18931 | COZ1: 0.18534 | CPA1: 0.18249 | CPB1: 0.18286 | CPC1: 0.18312 | CPD1: 0.19113 | CPE1: 0.20483 | CPF1: 0.2106 | CPG1: 0.20043 | CPH1: 0.18458 | CPI1: 0.15646 | CPJ1: 0.13246 | CPK1: 0.1136 | CPL1: 0.11353 | CPM1: 0.11361 | CPN1: 0.11378 | CPO1: 0.11382 | CPP1: 0.17097 | CPQ1: 0.19553 | CPR1: 0.23955 | CPS1: 0.23773 | CPT1: 0.2002 | CPU1: 0.19159 | CPV1: 0.1817 | CPW1: 0.17382 | CPX1: 0.16267 | CPY1: 0.13801 | CPZ1: 0.13301 | CQA1: 0.13355 | CQB1: 0.13892 | CQC1: 0.14378 | CQD1: 0.14886 | CQE1: 0.1362 | CQF1: 0.1224 | CQG1: 0.11358 | CQH1: 0.10363 | CQI1: 0.08764 | CQJ1: 0.0636 | CQK1: 0.05859 | CQL1: 0.06369 | CQM1: 0.09444 | CQN1: 0.11344 | CQO1: 0.15351 | CQP1: 0.18704 | CQQ1: 0.17938 | CQR1: 0.15295 | CQS1: 0.13471 | CQT1: 0.12065 | CQU1: 0.11403 | CQV1: 0.11443 | CQW1: 0.11453 | CQX1: 0.11473 | CQY1: 0.11594 | CQZ1: 0.11955 | CRA1: 0.12646 | CRB1: 0.1266 | CRC1: 0.12101 | CRD1: 0.1136 | CRE1: 0.11123 | CRF1: 0.10143 | CRG1: 0.07133 | CRH1: 0.05355 | CRI1: 0.05353 | CRJ1: 0.07355 | CRK1: 0.10735 | CRL1: 0.11517 | CRM1: 0.18083 | CRN1: 0.2014 | CRO1: 0.23351 | CRP1: 0.22621 | CRQ1: 0.21755 | CRR1: 0.20084 | CRS1: 0.19556 | CRT1: 0.19486 | CRU1: 0.19114 | CRV1: 0.19178 | CRW1: 0.18883 | CRX1: 0.20034 | CRY1: 0.22933 | CRZ1: 0.28275 | CSA1: 0.26684 | CSB1: 0.20516 | CSC1: 0.19415 | CSD1: 0.17675 | CSE1: 0.15775 | CSF1: 0.14534 | CSG1: 0.12656 | CSH1: 0.1214 | CSI1: 0.12159 | CSJ1: 0.1599 | CSK1: 0.1828 | CSL1: 0.19252 | CSM1: 0.19062 | CSN1: 0.17991 | CSO1: 0.16737 | CSP1: 0.14777 | CSQ1: 0.11562 | CSR1: 0.11364 | CSS1: 0.11374 | CST1: 0.11433 | CSU1: 0.13107 | CSV1: 0.14982 | CSW1: 0.17674 | CSX1: 0.18786 | CSY1: 0.18786 | CSZ1: 0.17841 | CTA1: 0.16463 | CTB1: 0.15624 | CTC1: 0.1536 | CTD1: 0.15382 | CTE1: 0.15568 | CTF1: 0.16213 | CTG1: 0.17644 | CTH1: 0.19327 | CTI1: 0.20652 | CTJ1: 0.22759 | CTK1: 0.23812 | CTL1: 0.21806 | CTM1: 0.2037 | CTN1: 0.1977 | CTO1: 0.19744 | CTP1: 0.19744 | CTQ1: 0.19495 | CTR1: 0.196 | CTS1: 0.19656 | CTT1: 0.19733 | CTU1: 0.22299 | CTV1: 0.28357 | CTW1: 0.26877 | CTX1: 0.21822 | CTY1: 0.1975 | CTZ1: 0.1935 | CUA1: 0.19658 | CUB1: 0.19442 | CUC1: 0.19131 | CUD1: 0.19063 | CUE1: 0.1936 | CUF1: 0.2005 | CUG1: 0.22857 | CUH1: 0.27352 | CUI1: 0.2835 | CUJ1: 0.24366 | CUK1: 0.21264 | CUL1: 0.20141 | CUM1: 0.20543 | CUN1: 0.20102 | CUO1: 0.20213 | CUP1: 0.20136 | CUQ1: 0.20321 | CUR1: 0.20707 | CUS1: 0.23548 | CUT1: 0.2694 | CUU1: 0.24479 | CUV1: 0.21472 | CUW1: 0.20381 | CUX1: 0.19747 | CUY1: 0.19424 | CUZ1: 0.1908 | CVA1: 0.18661 | CVB1: 0.1843 | CVC1: 0.18448 | CVD1: 0.19493 | CVE1: 0.20763 | CVF1: 0.23884 | CVG1: 0.24243 | CVH1: 0.21952 | CVI1: 0.20349 | CVJ1: 0.19297 | CVK1: 0.19081 | CVL1: 0.17443 | CVM1: 0.16413 | CVN1: 0.16307 | CVO1: 0.16157 | CVP1: 0.16268 | CVQ1: 0.17372 | CVR1: 0.18264 | CVS1: 0.1896 | CVT1: 0.1819 | CVU1: 0.1738 | CVV1: 0.16968 | CVW1: 0.16451 | CVX1: 0.1606 | CVY1: 0.15854 | CVZ1: 0.15816 | CWA1: 0.16451 | CWB1: 0.17237 | CWC1: 0.17709 | CWD1: 0.17892 | CWE1: 0.17988 | CWF1: 0.1798 | CWG1: 0.17887 | CWH1: 0.17675 | CWI1: 0.17384 | CWJ1: 0.17157 | CWK1: 0.17093 | CWL1: 0.17135 | CWM1: 0.17464 | CWN1: 0.17643 | CWO1: 0.17752 | CWP1: 0.18158 | CWQ1: 0.17864 | CWR1: 0.1735 | CWS1: 0.16365 | CWT1: 0.15203 | CWU1: 0.14257 | CWV1: 0.12593 | CWW1: 0.12415 | CWX1: 0.13193 | CWY1: 0.15101 | CWZ1: 0.17643 | CXA1: 0.1925 | CXB1: 0.20321 | CXC1: 0.21064 | CXD1: 0.20391 | CXE1: 0.19967 | CXF1: 0.1965 | CXG1: 0.19545 | CXH1: 0.18419 | CXI1: 0.18313 | CXJ1: 0.178 | CXK1: 0.17748 | CXL1: 0.17722 | CXM1: 0.17803 | CXN1: 0.17413 | CXO1: 0.17448 | CXP1: 0.16898 | CXQ1: 0.14659 | CXR1: 0.15056 | CXS1: 0.11966 | CXT1: 0.11388 | CXU1: 0.1127 | CXV1: 0.11435 | CXW1: 0.11961 | CXX1: 0.17182 | CXY1: 0.1882 | CXZ1: 0.20296 | CYA1: 0.20886 | CYB1: 0.20467 | CYC1: 0.20301 | CYD1: 0.20206 | CYE1: 0.19257 | CYF1: 0.19165 | CYG1: 0.19204 | CYH1: 0.19352 | CYI1: 0.19339 | CYJ1: 0.2011 | CYK1: 0.2195 | CYL1: 0.24439 | CYM1: 0.23106 | CYN1: 0.21065 | CYO1: 0.19546 | CYP1: 0.19484 | CYQ1: 0.19065 | CYR1: 0.18727 | CYS1: 0.18777 | CYT1: 0.19208 | CYU1: 0.19517 | CYV1: 0.21039 | CYW1: 0.2318 | CYX1: 0.27765 | CYY1: 0.28456 | CYZ1: 0.24365 | CZA1: 0.21937 | CZB1: 0.21059 | CZC1: 0.20192 | CZD1: 0.20029 | CZE1: 0.19955 | CZF1: 0.19902 | CZG1: 0.19995 | CZH1: 0.21129 | CZI1: 0.235 | CZJ1: 0.29486 | CZK1: 0.24988 | CZL1: 0.21198 | CZM1: 0.19647 | CZN1: 0.19086 | CZO1: 0.19106 | CZP1: 0.19298 | CZQ1: 0.19222 | CZR1: 0.19362 | CZS1: 0.19662 | CZT1: 0.20357 | CZU1: 0.216 | CZV1: 0.23661 | CZW1: 0.23867 | CZX1: 0.2187 | CZY1: 0.20633 | CZZ1: 0.19515 | DAA1: 0.1954 | DAB1: 0.19157 | DAC1: 0.19076 | DAD1: 0.18846 | DAE1: 0.19097 | DAF1: 0.19543 | DAG1: 0.21526 | DAH1: 0.24177 | DAI1: 0.22067 | DAJ1: 0.20541 | DAK1: 0.20434 | DAL1: 0.20195 | DAM1: 0.1962 | DAN1: 0.19369 | DAO1: 0.19013 | DAP1: 0.19431 | DAQ1: 0.19472 | DAR1: 0.2002 | DAS1: 0.21514 | DAT1: 0.2488 | DAU1: 0.25704 | DAV1: 0.23476 | DAW1: 0.21891 | DAX1: 0.20381 | DAY1: 0.1971 | DAZ1: 0.1936 | DBA1: 0.19097 | DBB1: 0.18965 | DBC1: 0.18884 | DBD1: 0.19762 | DBE1: 0.21604 | DBF1: 0.24265 | DBG1: 0.22631 | DBH1: 0.2057 | DBI1: 0.19361 | DBJ1: 0.1918 | DBK1: 0.18752 | DBL1: 0.18227 | DBM1: 0.18001 | DBN1: 0.18292 | DBO1: 0.18641 | DBP1: 0.19348 | DBQ1: 0.20877 | DBR1: 0.25469 | DBS1: 0.26589 | DBT1: 0.22731 | DBU1: 0.20495 | DBV1: 0.19334 | DBW1: 0.19347 | DBX1: 0.1876 | DBY1: 0.1883 | DBZ1: 0.18767 | DCA1: 0.1907 | DCB1: 0.19729 | DCC1: 0.2071 | DCD1: 0.21766 | DCE1: 0.20966 | DCF1: 0.19468 | DCG1: 0.19141 | DCH1: 0.18655 | DCI1: 0.18395 | DCJ1: 0.18234 | DCK1: 0.17897 | DCL1: 0.18352 | DCM1: 0.1853 | DCN1: 0.19406 | DCO1: 0.20838 | DCP1: 0.2455 | DCQ1: 0.25518 | DCR1: 0.2236 | DCS1: 0.20631 | DCT1: 0.20186 | DCU1: 0.20389 | DCV1: 0.2025 | DCW1: 0.20019 | DCX1: 0.20263 | DCY1: 0.20129 | DCZ1: 0.19928 | DDA1: 0.19968 | DDB1: 0.19264 | DDC1: 0.18225 | DDD1: 0.17267 | DDE1: 0.14962 | DDF1: 0.12203 | DDG1: 0.11363 | DDH1: 0.11354 | DDI1: 0.1136 | DDJ1: 0.1136 | DDK1: 0.13355 | DDL1: 0.17578 | DDM1: 0.19978 | DDN1: 0.2335 | DDO1: 0.22587 | DDP1: 0.1986 | DDQ1: 0.1895 | DDR1: 0.17883 | DDS1: 0.16999 | DDT1: 0.15974 | DDU1: 0.1532 | DDV1: 0.14515 | DDW1: 0.1412 | DDX1: 0.13965 | DDY1: 0.12352 | DDZ1: 0.1137 | DEA1: 0.11353 | DEB1: 0.11258 | DEC1: 0.09697 | DED1: 0.07688 | DEE1: 0.05355 | DEF1: 0.05351 | DEG1: 0.04854 | DEH1: 0.06117 | DEI1: 0.09015 | DEJ1: 0.11358 | DEK1: 0.13898 | DEL1: 0.18296 | DEM1: 0.19105 | DEN1: 0.19216 | DEO1: 0.18581 | DEP1: 0.18054 | DEQ1: 0.17675 | DER1: 0.17365 | DES1: 0.17253 | DET1: 0.17606 | DEU1: 0.19042 | DEV1: 0.19878 | DEW1: 0.21598 | DEX1: 0.23155 | DEY1: 0.21429 | DEZ1: 0.18877 | DFA1: 0.17281 | DFB1: 0.15006 | DFC1: 0.14978 | DFD1: 0.14919 | DFE1: 0.14723 | DFF1: 0.14917 | DFG1: 0.16128 | DFH1: 0.19935 | DFI1: 0.21833 | DFJ1: 0.29364 | DFK1: 0.31817 | DFL1: 0.22215 | DFM1: 0.20089 | DFN1: 0.19475 | DFO1: 0.18736 | DFP1: 0.18037 | DFQ1: 0.18401 | DFR1: 0.1836 | DFS1: 0.1836 | DFT1: 0.19237 | DFU1: 0.20855 | DFV1: 0.21555 | DFW1: 0.20206 | DFX1: 0.1906 | DFY1: 0.17566 | DFZ1: 0.1607 | DGA1: 0.14165 | DGB1: 0.1249 | DGC1: 0.1236 | DGD1: 0.13274 | DGE1: 0.15944 | DGF1: 0.18055 | DGG1: 0.1998 | DGH1: 0.23561 | DGI1: 0.24601 | DGJ1: 0.20197 | DGK1: 0.19157 | DGL1: 0.18929 | DGM1: 0.18041 | DGN1: 0.16869 | DGO1: 0.16391 | DGP1: 0.15759 | DGQ1: 0.16141 | DGR1: 0.15829 | DGS1: 0.15608 | DGT1: 0.14168 | DGU1: 0.12205 | DGV1: 0.11361 | DGW1: 0.11263 | DGX1: 0.07355 | DGY1: 0.0217 | DGZ1: -0.0064 | DHA1: -0.00647 | DHB1: 0.03362 | DHC1: 0.08359 | DHD1: 0.11246 | DHE1: 0.12892 | DHF1: 0.164 | DHG1: 0.1636 | DHH1: 0.14761 | DHI1: 0.14352 | DHJ1: 0.1356 | DHK1: 0.12816 | DHL1: 0.12454 | DHM1: 0.1236 | DHN1: 0.1214 | DHO1: 0.12423 | DHP1: 0.14566 | DHQ1: 0.18632 | DHR1: 0.19188 | DHS1: 0.1765 | DHT1: 0.14505 | DHU1: 0.1187 | DHV1: 0.11352 | DHW1: 0.11187 | DHX1: 0.10941 | DHY1: 0.11355 | DHZ1: 0.11221 | DIA1: 0.11764 | DIB1: 0.16876 | DIC1: 0.19482 | DID1: 0.20156 | DIE1: 0.19874 | DIF1: 0.19591 | DIG1: 0.19181 | DIH1: 0.18462 | DII1: 0.1755 | DIJ1: 0.17274 | DIK1: 0.17155 | DIL1: 0.1721 | DIM1: 0.17274 | DIN1: 0.18277 | DIO1: 0.19736 | DIP1: 0.19907 | DIQ1: 0.20591 | DIR1: 0.20185 | DIS1: 0.19155 | DIT1: 0.18618 | DIU1: 0.17771 | DIV1: 0.17293 | DIW1: 0.17365 | DIX1: 0.17829 | DIY1: 0.18589 | DIZ1: 0.19315 | DJA1: 0.20249 | DJB1: 0.21909 | DJC1: 0.23354 | DJD1: 0.22155 | DJE1: 0.20706 | DJF1: 0.19916 | DJG1: 0.2044 | DJH1: 0.20139 | DJI1: 0.19986 | DJJ1: 0.20132 | DJK1: 0.20424 | DJL1: 0.21194 | DJM1: 0.20779 | DJN1: 0.20362 | DJO1: 0.19208 | DJP1: 0.17598 | DJQ1: 0.15477 | DJR1: 0.14478 | DJS1: 0.13853 | DJT1: 0.12813 | DJU1: 0.12694 | DJV1: 0.13963 | DJW1: 0.17722 | DJX1: 0.19296 | DJY1: 0.21161 | DJZ1: 0.23552 | DKA1: 0.249 | DKB1: 0.22716 | DKC1: 0.20386 | DKD1: 0.1972 | DKE1: 0.20418 | DKF1: 0.19842 | DKG1: 0.19712 | DKH1: 0.19409 | DKI1: 0.18834 | DKJ1: 0.18473 | DKK1: 0.17576 | DKL1: 0.16868 | DKM1: 0.15493 | DKN1: 0.13972 | DKO1: 0.12245 | DKP1: 0.11404 | DKQ1: 0.1136 | DKR1: 0.11356 | DKS1: 0.11263 | DKT1: 0.1135 | DKU1: 0.1136 | DKV1: 0.1456 | DKW1: 0.2001 | DKX1: 0.20984 | DKY1: 0.22552 | DKZ1: 0.22113 | DLA1: 0.21234 | DLB1: 0.20227 | DLC1: 0.19646 | DLD1: 0.19319 | DLE1: 0.19401 | DLF1: 0.19355 | DLG1: 0.19529 | DLH1: 0.20238 | DLI1: 0.22069 | DLJ1: 0.24386 | DLK1: 0.21495 | DLL1: 0.2026 | DLM1: 0.19471 | DLN1: 0.18983 | DLO1: 0.18986 | DLP1: 0.18831 | DLQ1: 0.18849 | DLR1: 0.19471 | DLS1: 0.19522 | DLT1: 0.20696 | DLU1: 0.22197 | DLV1: 0.25025 | DLW1: 0.25759 | DLX1: 0.22158 | DLY1: 0.20818 | DLZ1: 0.19802 | DMA1: 0.19533 | DMB1: 0.19277 | DMC1: 0.19083 | DMD1: 0.19359 | DME1: 0.19368 | DMF1: 0.19566 | DMG1: 0.21244 | DMH1: 0.2353 | DMI1: 0.22626 | DMJ1: 0.20535 | DMK1: 0.19881 | DML1: 0.19468 | DMM1: 0.18833 | DMN1: 0.18403 | DMO1: 0.17913 | DMP1: 0.18765 | DMQ1: 0.19672 | DMR1: 0.20442 | DMS1: 0.21946 | DMT1: 0.24745 | DMU1: 0.26465 | DMV1: 0.23564 | DMW1: 0.2153 | DMX1: 0.20182 | DMY1: 0.19757 | DMZ1: 0.19444 | DNA1: 0.19448 | DNB1: 0.19607 | DNC1: 0.19608 | DND1: 0.20319 | DNE1: 0.22108 | DNF1: 0.23256 | DNG1: 0.22372 | DNH1: 0.20601 | DNI1: 0.199 | DNJ1: 0.19308 | DNK1: 0.18653 | DNL1: 0.18239 | DNM1: 0.18018 | DNN1: 0.18055 | DNO1: 0.18932 | DNP1: 0.2047 | DNQ1: 0.2201 | DNR1: 0.24114 | DNS1: 0.24802 | DNT1: 0.22825 | DNU1: 0.21014 | DNV1: 0.20156 | DNW1: 0.2012 | DNX1: 0.20166 | DNY1: 0.19657 | DNZ1: 0.19655 | DOA1: 0.20243 | DOB1: 0.20399 | DOC1: 0.20173 | DOD1: 0.19425 | DOE1: 0.17913 | DOF1: 0.13694 | DOG1: 0.11867 | DOH1: 0.11308 | DOI1: 0.11272 | DOJ1: 0.11225 | DOK1: 0.11157 | DOL1: 0.11267 | DOM1: 0.11428 | DON1: 0.17808 | DOO1: 0.20332 | DOP1: 0.22145 | DOQ1: 0.24639 | DOR1: 0.23727 | DOS1: 0.21354 | DOT1: 0.20135 | DOU1: 0.20573 | DOV1: 0.19853 | DOW1: 0.19067 | DOX1: 0.18808 | DOY1: 0.18838 | DOZ1: 0.20405 | DPA1: 0.2288 | DPB1: 0.22307 | DPC1: 0.2092 | DPD1: 0.18099 | DPE1: 0.13444 | DPF1: 0.11647 | DPG1: 0.11412 | DPH1: 0.11362 | DPI1: 0.11362 | DPJ1: 0.13402 | DPK1: 0.17906 | DPL1: 0.19948 | DPM1: 0.21951 | DPN1: 0.24986 | DPO1: 0.28432 | DPP1: 0.24991 | DPQ1: 0.21847 | DPR1: 0.20576 | DPS1: 0.21036 | DPT1: 0.20778 | DPU1: 0.20363 | DPV1: 0.20269 | DPW1: 0.20351 | DPX1: 0.2043 | DPY1: 0.20032 | DPZ1: 0.19344 | DQA1: 0.17007 | DQB1: 0.1204 | DQC1: 0.1136 | DQD1: 0.10313 | DQE1: 0.09239 | DQF1: 0.09161 | DQG1: 0.08937 | DQH1: 0.10214 | DQI1: 0.11319 | DQJ1: 0.14637 | DQK1: 0.19543 | DQL1: 0.21528 | DQM1: 0.2361 | DQN1: 0.21708 | DQO1: 0.19986 | DQP1: 0.18197 | DQQ1: 0.17909 | DQR1: 0.1681 | DQS1: 0.15812 | DQT1: 0.15482 | DQU1: 0.15993 | DQV1: 0.1571 | DQW1: 0.13121 | DQX1: 0.11839 | DQY1: 0.11595 | DQZ1: 0.1108 | DRA1: 0.0886 | DRB1: 0.04396 | DRC1: 0.01354 | DRD1: -0.02185 | DRE1: -0.01925 | DRF1: 0.02852 | DRG1: 0.0836 | DRH1: 0.11227 | DRI1: 0.1361 | DRJ1: 0.18154 | DRK1: 0.18934 | DRL1: 0.17186 | DRM1: 0.1582 | DRN1: 0.14921 | DRO1: 0.14044 | DRP1: 0.13948 | DRQ1: 0.13931 | DRR1: 0.1383 | DRS1: 0.1406 | DRT1: 0.15328 | DRU1: 0.19357 | DRV1: 0.2202 | DRW1: 0.19207 | DRX1: 0.15711 | DRY1: 0.12398 | DRZ1: 0.11263 | DSA1: 0.11091 | DSB1: 0.11133 | DSC1: 0.11114 | DSD1: 0.11287 | DSE1: 0.11367 | DSF1: 0.16861 | DSG1: 0.19672 | DSH1: 0.25978 | DSI1: 0.2526 | DSJ1: 0.2023 | DSK1: 0.18315 | DSL1: 0.1663 | DSM1: 0.16218 | DSN1: 0.15703 | DSO1: 0.14895 | DSP1: 0.14768 | DSQ1: 0.14249 | DSR1: 0.16595 | DSS1: 0.18548 | DST1: 0.19093 | DSU1: 0.1651 | DSV1: 0.11924 | DSW1: 0.11127 | DSX1: 0.10248 | DSY1: 0.07727 | DSZ1: 0.07065 | DTA1: 0.07394 | DTB1: 0.09374 | DTC1: 0.11067 | DTD1: 0.11356 | DTE1: 0.15734 | DTF1: 0.1975 | DTG1: 0.20707 | DTH1: 0.19001 | DTI1: 0.15895 | DTJ1: 0.14131 | DTK1: 0.14416 | DTL1: 0.14594 | DTM1: 0.15298 | DTN1: 0.1554 | DTO1: 0.15156 | DTP1: 0.16647 | DTQ1: 0.19861 | DTR1: 0.20176 | DTS1: 0.19805 | DTT1: 0.16202 | DTU1: 0.12096 | DTV1: 0.11352 | DTW1: 0.10365 | DTX1: 0.10242 | DTY1: 0.10369 | DTZ1: 0.11351 | DUA1: 0.11533 | DUB1: 0.14393 | DUC1: 0.18726 | DUD1: 0.21484 | DUE1: 0.2238 | DUF1: 0.1974 | DUG1: 0.17724 | DUH1: 0.16227 | DUI1: 0.16474 | DUJ1: 0.16136 | DUK1: 0.15322 | DUL1: 0.16309 | DUM1: 0.15804 | DUN1: 0.1711 | DUO1: 0.19495 | DUP1: 0.20941 | DUQ1: 0.19658 | DUR1: 0.1667 | DUS1: 0.1251 | DUT1: 0.11368 | DUU1: 0.11358 | DUV1: 0.11289 | DUW1: 0.11344 | DUX1: 0.11361 | DUY1: 0.1236 | DUZ1: 0.15855 | DVA1: 0.18856 | DVB1: 0.20966 | DVC1: 0.22351 | DVD1: 0.20149 | DVE1: 0.19617 | DVF1: 0.18278 | DVG1: 0.18312 | DVH1: 0.1768 | DVI1: 0.17682 | DVJ1: 0.17608 | DVK1: 0.17799 | DVL1: 0.17684 | DVM1: 0.19733 | DVN1: 0.21354 | DVO1: 0.20831 | DVP1: 0.1875 | DVQ1: 0.17806 | DVR1: 0.17101 | DVS1: 0.15171 | DVT1: 0.14184 | DVU1: 0.1452 | DVV1: 0.1511 | DVW1: 0.16569 | DVX1: 0.18414 | DVY1: 0.18348 | DVZ1: 0.20855 | DWA1: 0.22154 | DWB1: 0.20882 | DWC1: 0.20299 | DWD1: 0.19425 | DWE1: 0.18115 | DWF1: 0.17721 | DWG1: 0.17742 | DWH1: 0.17878 | DWI1: 0.18261 | DWJ1: 0.18611 | DWK1: 0.18546 | DWL1: 0.18399 | DWM1: 0.17746 | DWN1: 0.16096 | DWO1: 0.12303 | DWP1: 0.11431 | DWQ1: 0.11358 | DWR1: 0.1123 | DWS1: 0.11081 | DWT1: 0.11168 | DWU1: 0.11356 | DWV1: 0.16426 | DWW1: 0.19551 | DWX1: 0.22354 | DWY1: 0.24526 | DWZ1: 0.23638 | DXA1: 0.21012 | DXB1: 0.2002 | DXC1: 0.20429 | DXD1: 0.20266 | DXE1: 0.20226 | DXF1: 0.20051 | DXG1: 0.19973 | DXH1: 0.19416 | DXI1: 0.18917 | DXJ1: 0.18384 | DXK1: 0.16056 | DXL1: 0.1192 | DXM1: 0.11357 | DXN1: 0.11342 | DXO1: 0.11154 | DXP1: 0.10619 | DXQ1: 0.09847 | DXR1: 0.1036 | DXS1: 0.10981 | DXT1: 0.11354 | DXU1: 0.17777 | DXV1: 0.20319 | DXW1: 0.22726 | DXX1: 0.23646 | DXY1: 0.21553 | DXZ1: 0.19974 | DYA1: 0.20469 | DYB1: 0.19624 | DYC1: 0.20033 | DYD1: 0.19969 | DYE1: 0.20181 | DYF1: 0.20506 | DYG1: 0.21832 | DYH1: 0.21929 | DYI1: 0.18584 | DYJ1: 0.1464 | DYK1: 0.12601 | DYL1: 0.11966 | DYM1: 0.11601 | DYN1: 0.1136 | DYO1: 0.11327 | DYP1: 0.11353 | DYQ1: 0.11449 | DYR1: 0.17777 | DYS1: 0.19954 | DYT1: 0.22723 | DYU1: 0.2495 | DYV1: 0.23393 | DYW1: 0.21023 | DYX1: 0.19346 | DYY1: 0.19506 | DYZ1: 0.19 | DZA1: 0.18981 | DZB1: 0.19152 | DZC1: 0.18853 | DZD1: 0.19318 | DZE1: 0.22586 | DZF1: 0.23658 | DZG1: 0.21095 | DZH1: 0.19546 | DZI1: 0.18058 | DZJ1: 0.16802 | DZK1: 0.14207 | DZL1: 0.14494 | DZM1: 0.16769 | DZN1: 0.18325 | DZO1: 0.19321 | DZP1: 0.20158 | DZQ1: 0.21704 | DZR1: 0.24058 | DZS1: 0.21267 | DZT1: 0.19718 | DZU1: 0.19665 | DZV1: 0.17951 | DZW1: 0.18363 | DZX1: 0.18 | DZY1: 0.1785 | DZZ1: 0.16772 | EAA1: 0.17626 | EAB1: 0.1838 | EAC1: 0.21174 | EAD1: 0.21672 | EAE1: 0.20858 | EAF1: 0.19481 | EAG1: 0.1836 | EAH1: 0.18338 | EAI1: 0.17925 | EAJ1: 0.17051 | EAK1: 0.16974 | EAL1: 0.18077 | EAM1: 0.19121 | EAN1: 0.20605 | EAO1: 0.21358 | EAP1: 0.26062 | EAQ1: 0.26848 | EAR1: 0.24959 | EAS1: 0.22131 | EAT1: 0.20682 | EAU1: 0.19287 | EAV1: 0.19205 | EAW1: 0.18853 | EAX1: 0.19028 | EAY1: 0.19225 | EAZ1: 0.1984 | EBA1: 0.22158 | EBB1: 0.2316 | EBC1: 0.21144 | EBD1: 0.18925 | EBE1: 0.18849 | EBF1: 0.1777 | EBG1: 0.1661 | EBH1: 0.15891 | EBI1: 0.17058 | EBJ1: 0.185 | EBK1: 0.19737 | EBL1: 0.21024 | EBM1: 0.22509 | EBN1: 0.26988 | EBO1: 0.29366 | EBP1: 0.26958 | EBQ1: 0.23975 | EBR1: 0.21863 | EBS1: 0.21677 | EBT1: 0.20772 | EBU1: 0.20339 | EBV1: 0.20182 | EBW1: 0.2054 | EBX1: 0.21683 | EBY1: 0.23744 | EBZ1: 0.23567 | ECA1: 0.2295 | ECB1: 0.2197 | ECC1: 0.20976 | ECD1: 0.20367 | ECE1: 0.20258 | ECF1: 0.20134 | ECG1: 0.20172 | ECH1: 0.20178 | ECI1: 0.19787 | ECJ1: 0.21239 | ECK1: 0.22537 | ECL1: 0.24359 | ECM1: 0.2386 | ECN1: 0.22944 | ECO1: 0.22327 | ECP1: 0.21344 | ECQ1: 0.20848 | ECR1: 0.20543 | ECS1: 0.20403 | ECT1: 0.20276 | ECU1: 0.20263 | ECV1: 0.20386 | ECW1: 0.20428 | ECX1: 0.19983 | ECY1: 0.19218 | ECZ1: 0.18835 | EDA1: 0.16783 | EDB1: 0.12294 | EDC1: 0.11684 | EDD1: 0.11364 | EDE1: 0.1136 | EDF1: 0.11362 | EDG1: 0.12783 | EDH1: 0.18964 | EDI1: 0.20983 | EDJ1: 0.22937 | EDK1: 0.24552 | EDL1: 0.25055 | EDM1: 0.22937 | EDN1: 0.21814 | EDO1: 0.22096 | EDP1: 0.2119 | EDQ1: 0.20437 | EDR1: 0.2037 | EDS1: 0.20476 | EDT1: 0.20221 | EDU1: 0.19709 | EDV1: 0.1855 | EDW1: 0.12685 | EDX1: 0.11362 | EDY1: 0.1136 | EDZ1: 0.11351 | EEA1: 0.11148 | EEB1: 0.10294 | EEC1: 0.08972 | EED1: 0.10369 | EEE1: 0.113 | EEF1: 0.1706 | EEG1: 0.20686 | EEH1: 0.23168 | EEI1: 0.23234 | EEJ1: 0.2347 | EEK1: 0.22054 | EEL1: 0.2011 | EEM1: 0.19194 | EEN1: 0.18867 | EEO1: 0.18804 | EEP1: 0.18803 | EEQ1: 0.19147 | EER1: 0.19764 | EES1: 0.22654 | EET1: 0.24234 | EEU1: 0.23815 | EEV1: 0.22082 | EEW1: 0.20204 | EEX1: 0.19986 | EEY1: 0.19094 | EEZ1: 0.18806 | EFA1: 0.18656 | EFB1: 0.19138 | EFC1: 0.19826 | EFD1: 0.22464 | EFE1: 0.245 | EFF1: 0.30028 | EFG1: 0.33506 | EFH1: 0.28346 | EFI1: 0.245 | EFJ1: 0.22738 | EFK1: 0.21138 | EFL1: 0.2041 | EFM1: 0.20124 | EFN1: 0.19882 | EFO1: 0.19756 | EFP1: 0.20164 | EFQ1: 0.22394 | EFR1: 0.2337 | EFS1: 0.21583 | EFT1: 0.19903 | EFU1: 0.18612 | EFV1: 0.18277 | EFW1: 0.1747 | EFX1: 0.16885 | EFY1: 0.16887 | EFZ1: 0.17926 | EGA1: 0.18612 | EGB1: 0.1994 | EGC1: 0.21588 | EGD1: 0.24365 | EGE1: 0.25791 | EGF1: 0.2376 | EGG1: 0.21369 | EGH1: 0.20238 | EGI1: 0.18582 | EGJ1: 0.17114 | EGK1: 0.16788 | EGL1: 0.16419 | EGM1: 0.16343 | EGN1: 0.15951 | EGO1: 0.18575 | EGP1: 0.20005 | EGQ1: 0.20512 | EGR1: 0.18271 | EGS1: 0.18145 | EGT1: 0.17572 | EGU1: 0.17267 | EGV1: 0.17585 | EGW1: 0.17578 | EGX1: 0.18309 | EGY1: 0.18627 | EGZ1: 0.20283 | EHA1: 0.20826 | EHB1: 0.22504 | EHC1: 0.2541 | EHD1: 0.25686 | EHE1: 0.23399 | EHF1: 0.20913 | EHG1: 0.21403 | EHH1: 0.2098 | EHI1: 0.20481 | EHJ1: 0.20723 | EHK1: 0.20816 | EHL1: 0.21439 | EHM1: 0.21697 | EHN1: 0.22027 | EHO1: 0.21131 | EHP1: 0.2075 | EHQ1: 0.1986 | EHR1: 0.1936 | EHS1: 0.18452 | EHT1: 0.17657 | EHU1: 0.17657 | EHV1: 0.18129 | EHW1: 0.19735 | EHX1: 0.20373 | EHY1: 0.22427 | EHZ1: 0.24883 | EIA1: 0.26833 | EIB1: 0.25705 | EIC1: 0.22571 | EID1: 0.21431 | EIE1: 0.20981 | EIF1: 0.19431 | EIG1: 0.19309 | EIH1: 0.18731 | EII1: 0.18813 | EIJ1: 0.20366 | EIK1: 0.21987 | EIL1: 0.22271 | EIM1: 0.22232 | EIN1: 0.21596 | EIO1: 0.20557 | EIP1: 0.19562 | EIQ1: 0.18851 | EIR1: 0.1821 | EIS1: 0.1789 | EIT1: 0.18054 | EIU1: 0.18867 | EIV1: 0.1977 | EIW1: 0.20806 | EIX1: 0.22154 | EIY1: 0.2286 | EIZ1: 0.22151 | EJA1: 0.21534 | EJB1: 0.19778 | EJC1: 0.20218 | EJD1: 0.20242 | EJE1: 0.19326 | EJF1: 0.18574 | EJG1: 0.18547 | EJH1: 0.18543 | EJI1: 0.1888 | EJJ1: 0.188 | EJK1: 0.18609 | EJL1: 0.17495 | EJM1: 0.16076 | EJN1: 0.15546 | EJO1: 0.13481 | EJP1: 0.12104 | EJQ1: 0.11652 | EJR1: 0.1194 | EJS1: 0.1266 | EJT1: 0.16568 | EJU1: 0.1811 | EJV1: 0.1955 | EJW1: 0.19946 | EJX1: 0.19536 | EJY1: 0.19808 | EJZ1: 0.17899 | EKA1: 0.14931 | EKB1: 0.14472 | EKC1: 0.12945 | EKD1: 0.12082 | EKE1: 0.12256 | EKF1: 0.11873 | EKG1: 0.11851 | EKH1: 0.11771 | EKI1: 0.11457 | EKJ1: 0.1136 | EKK1: 0.11516 | EKL1: 0.11437 | EKM1: 0.1135 | EKN1: 0.10959 | EKO1: 0.09767 | EKP1: 0.09402 | EKQ1: 0.10462 | EKR1: 0.11233 | EKS1: 0.12755 | EKT1: 0.18083 | EKU1: 0.20859 | EKV1: 0.22053 | EKW1: 0.22261 | EKX1: 0.21276 | EKY1: 0.21186 | EKZ1: 0.19818 | ELA1: 0.19727 | ELB1: 0.19741 | ELC1: 0.19577 | ELD1: 0.20977 | ELE1: 0.24688 | ELF1: 0.30666 | ELG1: 0.27808 | ELH1: 0.24168 | ELI1: 0.21265 | ELJ1: 0.2095 | ELK1: 0.19469 | ELL1: 0.1885 | ELM1: 0.1809 | ELN1: 0.18562 | ELO1: 0.1916 | ELP1: 0.21955 | ELQ1: 0.24092 | ELR1: 0.29651 | ELS1: 0.32888 | ELT1: 0.31239 | ELU1: 0.26289 | ELV1: 0.22964 | ELW1: 0.22047 | ELX1: 0.21358 | ELY1: 0.20902 | ELZ1: 0.20654 | EMA1: 0.20585 | EMB1: 0.21829 | EMC1: 0.2756 | EMD1: 0.29126 | EME1: 0.25528 | EMF1: 0.22597 | EMG1: 0.2052 | EMH1: 0.19491 | EMI1: 0.18094 | EMJ1: 0.16887 | EMK1: 0.15746 | EML1: 0.16066 | EMM1: 0.17763 | EMN1: 0.19848 | EMO1: 0.22982 | EMP1: 0.29038 | EMQ1: 0.34912 | EMR1: 0.25428 | EMS1: 0.22094 | EMT1: 0.18941 | EMU1: 0.17045 | EMV1: 0.15753 | EMW1: 0.15815 | EMX1: 0.16365 | EMY1: 0.16169 | EMZ1: 0.18479 | ENA1: 0.21715 | ENB1: 0.25636 | ENC1: 0.22652 | END1: 0.19776 | ENE1: 0.18353 | ENF1: 0.17563 | ENG1: 0.162 | ENH1: 0.14377 | ENI1: 0.1399 | ENJ1: 0.14366 | ENK1: 0.17617 | ENL1: 0.19403 | ENM1: 0.21869 | ENN1: 0.24057 | ENO1: 0.2695 | ENP1: 0.27162 | ENQ1: 0.25507 | ENR1: 0.21959 | ENS1: 0.20684 | ENT1: 0.20352 | ENU1: 0.19946 | ENV1: 0.19895 | ENW1: 0.20185 | ENX1: 0.21257 | ENY1: 0.2375 | ENZ1: 0.24152 | EOA1: 0.21043 | EOB1: 0.18549 | EOC1: 0.1714 | EOD1: 0.14385 | EOE1: 0.13793 | EOF1: 0.1331 | EOG1: 0.13783 | EOH1: 0.15125 | EOI1: 0.17571 | EOJ1: 0.19427 | EOK1: 0.20352 | EOL1: 0.22929 | EOM1: 0.27758 | EON1: 0.28132 | EOO1: 0.24605 | EOP1: 0.21799 | EOQ1: 0.2146 | EOR1: 0.20973 | EOS1: 0.2053 | EOT1: 0.20113 | EOU1: 0.19785 | EOV1: 0.2055 | EOW1: 0.22755 | EOX1: 0.23265 | EOY1: 0.21636 | EOZ1: 0.19216 | EPA1: 0.17426 | EPB1: 0.15499 | EPC1: 0.14751 | EPD1: 0.13896 | EPE1: 0.13101 | EPF1: 0.12668 | EPG1: 0.13917 | EPH1: 0.17816 | EPI1: 0.19881 | EPJ1: 0.24218 | EPK1: 0.26835 | EPL1: 0.26745 | EPM1: 0.24048 | EPN1: 0.21105 | EPO1: 0.21196 | EPP1: 0.20364 | EPQ1: 0.19691 | EPR1: 0.19713 | EPS1: 0.19324 | EPT1: 0.19571 | EPU1: 0.19298 | EPV1: 0.17642 | EPW1: 0.1558 | EPX1: 0.12584 | EPY1: 0.11347 | EPZ1: 0.11133 | EQA1: 0.10334 | EQB1: 0.0899 | EQC1: 0.08357 | EQD1: 0.09298 | EQE1: 0.10535 | EQF1: 0.11361 | EQG1: 0.15851 | EQH1: 0.18244 | EQI1: 0.21292 | EQJ1: 0.20661 | EQK1: 0.2136 | EQL1: 0.19239 | EQM1: 0.18788 | EQN1: 0.17719 | EQO1: 0.15612 | EQP1: 0.12917 | EQQ1: 0.13179 | EQR1: 0.12516 | EQS1: 0.122 | EQT1: 0.11582 | EQU1: 0.11352 | EQV1: 0.11159 | EQW1: 0.106 | EQX1: 0.0986 | EQY1: 0.0886 | EQZ1: 0.08091 | ERA1: 0.07646 | ERB1: 0.08492 | ERC1: 0.10776 | ERD1: 0.1131 | ERE1: 0.15636 | ERF1: 0.21045 | ERG1: 0.22946 | ERH1: 0.22484 | ERI1: 0.22202 | ERJ1: 0.21081 | ERK1: 0.18756 | ERL1: 0.18519 | ERM1: 0.18233 | ERN1: 0.18187 | ERO1: 0.1826 | ERP1: 0.19192 | ERQ1: 0.231 | ERR1: 0.29878 | ERS1: 0.25981 | ERT1: 0.22085 | ERU1: 0.20306 | ERV1: 0.19864 | ERW1: 0.1879 | ERX1: 0.18719 | ERY1: 0.18067 | ERZ1: 0.17948 | ESA1: 0.1836 | ESB1: 0.1948 | ESC1: 0.21213 | ESD1: 0.23219 | ESE1: 0.23805 | ESF1: 0.22692 | ESG1: 0.21201 | ESH1: 0.19136 | ESI1: 0.17367 | ESJ1: 0.17056 | ESK1: 0.17655 | ESL1: 0.16942 | ESM1: 0.17366 | ESN1: 0.17271 | ESO1: 0.19543 | ESP1: 0.21386 | ESQ1: 0.2051 | ESR1: 0.18187 | ESS1: 0.16352 | EST1: 0.14573 | ESU1: 0.12472 | ESV1: 0.11436 | ESW1: 0.1136 | ESX1: 0.11363 | ESY1: 0.12749 | ESZ1: 0.16887 | ETA1: 0.18525 | ETB1: 0.2136 | ETC1: 0.24124 | ETD1: 0.23597 | ETE1: 0.22034 | ETF1: 0.20442 | ETG1: 0.20245 | ETH1: 0.19895 | ETI1: 0.19389 | ETJ1: 0.19571 | ETK1: 0.19971 | ETL1: 0.20825 | ETM1: 0.23834 | ETN1: 0.25 | ETO1: 0.22822 | ETP1: 0.19225 | ETQ1: 0.17779 | ETR1: 0.1716 | ETS1: 0.15569 | ETT1: 0.15432 | ETU1: 0.15328 | ETV1: 0.15894 | ETW1: 0.1766 | ETX1: 0.1948 | ETY1: 0.21355 | ETZ1: 0.2493 | EUA1: 0.26794 | EUB1: 0.26826 | EUC1: 0.24448 | EUD1: 0.22067 | EUE1: 0.2126 | EUF1: 0.20686 | EUG1: 0.19779 | EUH1: 0.19881 | EUI1: 0.19743 | EUJ1: 0.21256 | EUK1: 0.23601 | EUL1: 0.24469 | EUM1: 0.22862 | EUN1: 0.1974 | EUO1: 0.18261 | EUP1: 0.17531 | EUQ1: 0.16696 | EUR1: 0.16056 | EUS1: 0.15695 | EUT1: 0.16734 | EUU1: 0.19102 | EUV1: 0.19368 | EUW1: 0.22051 | EUX1: 0.25326 | EUY1: 0.30195 | EUZ1: 0.27744 | EVA1: 0.22197 | EVB1: 0.19878 | EVC1: 0.19673 | EVD1: 0.18505 | EVE1: 0.17753 | EVF1: 0.17313 | EVG1: 0.16942 | EVH1: 0.17782 | EVI1: 0.19861 | EVJ1: 0.21455 | EVK1: 0.21859 | EVL1: 0.21614 | EVM1: 0.19578 | EVN1: 0.1817 | EVO1: 0.17448 | EVP1: 0.16106 | EVQ1: 0.15434 | EVR1: 0.1546 | EVS1: 0.17391 | EVT1: 0.1886 | EVU1: 0.20458 | EVV1: 0.2496 | EVW1: 0.24091 | EVX1: 0.23072 | EVY1: 0.19701 | EVZ1: 0.17302 | EWA1: 0.17428 | EWB1: 0.15464 | EWC1: 0.14357 | EWD1: 0.14246 | EWE1: 0.13611 | EWF1: 0.12364 | EWG1: 0.11514 | EWH1: 0.11369 | EWI1: 0.1136 | EWJ1: 0.11354 | EWK1: 0.10352 | EWL1: 0.08456 | EWM1: 0.06868 | EWN1: 0.04814 | EWO1: 0.03359 | EWP1: 0.05737 | EWQ1: 0.08407 | EWR1: 0.10876 | EWS1: 0.11359 | EWT1: 0.1536 | EWU1: 0.19788 | EWV1: 0.19352 | EWW1: 0.1779 | EWX1: 0.154 | EWY1: 0.13851 | EWZ1: 0.12396 | EXA1: 0.13851 | EXB1: 0.12396 | EXC1: 0.11852 | EXD1: 0.11652 | EXE1: 0.11579 | EXF1: 0.11613 | EXG1: 0.11655 | EXH1: 0.11429 | EXI1: 0.11358 | EXJ1: 0.11232 | EXK1: 0.1036 | EXL1: 0.10027 | EXM1: 0.09359 | EXN1: 0.08359 | EXO1: 0.07793 | EXP1: 0.08456 | EXQ1: 0.10346 | EXR1: 0.11126 | EXS1: 0.16982 | EXT1: 0.21325 | EXU1: 0.23275 | EXV1: 0.23788 | EXW1: 0.23394 | EXX1: 0.20804 | EXY1: 0.19022 | EXZ1: 0.18033 | EYA1: 0.18241 | EYB1: 0.18541 | EYC1: 0.18716 | EYD1: 0.20362 | EYE1: 0.23273 | EYF1: 0.24628 | EYG1: 0.22983 | EYH1: 0.19833 | EYI1: 0.17571 | EYJ1: 0.16861 | EYK1: 0.15546 | EYL1: 0.15305 | EYM1: 0.16022 | EYN1: 0.16814 | EYO1: 0.17781 | EYP1: 0.20218 | EYQ1: 0.22776 | EYR1: 0.27097 | EYS1: 0.32376 | EYT1: 0.31361 | EYU1: 0.24175 | EYV1: 0.21515 | EYW1: 0.21052 | EYX1: 0.20389 | EYY1: 0.20113 | EYZ1: 0.20289 | EZA1: 0.20389 | EZB1: 0.20954 | EZC1: 0.24809 | EZD1: 0.24377 | EZE1: 0.20956 | EZF1: 0.1945 | EZG1: 0.18351 | EZH1: 0.16841 | EZI1: 0.16476 | EZJ1: 0.16463 | EZK1: 0.17064 | EZL1: 0.18672 | EZM1: 0.18984 | EZN1: 0.20366 | EZO1: 0.24685 | EZP1: 0.27179 | EZQ1: 0.28547 | EZR1: 0.24807 | EZS1: 0.2178 | EZT1: 0.20523 | EZU1: 0.21355 | EZV1: 0.20503 | EZW1: 0.20045 | EZX1: 0.19938 | EZY1: 0.19707 | EZZ1: 0.20001 | FAA1: 0.22615 | FAB1: 0.23043 | FAC1: 0.22093 | FAD1: 0.19991 | FAE1: 0.1887 | FAF1: 0.17983 | FAG1: 0.17163 | FAH1: 0.15344 | FAI1: 0.13601 | FAJ1: 0.13716 | FAK1: 0.1735 | FAL1: 0.1836 | FAM1: 0.20204 | FAN1: 0.2165 | FAO1: 0.25726 | FAP1: 0.22868 | FAQ1: 0.22186 | FAR1: 0.20681 | FAS1: 0.19949 | FAT1: 0.19222 | FAU1: 0.19248 | FAV1: 0.19242 | FAW1: 0.19222 | FAX1: 0.20015 | FAY1: 0.22771 | FAZ1: 0.22644 | FBA1: 0.21659 | FBB1: 0.19429 | FBC1: 0.18273 | FBD1: 0.17237 | FBE1: 0.16906 | FBF1: 0.16741 | FBG1: 0.17078 | FBH1: 0.18218 | FBI1: 0.1936 | FBJ1: 0.21187 | FBK1: 0.23291 | FBL1: 0.26922 | FBM1: 0.31369 | FBN1: 0.24366 | FBO1: 0.22543 | FBP1: 0.20865 | FBQ1: 0.21441 | FBR1: 0.20437 | FBS1: 0.20355 | FBT1: 0.20143 | FBU1: 0.19991 | FBV1: 0.19974 | FBW1: 0.21052 | FBX1: 0.2364 | FBY1: 0.23544 | FBZ1: 0.22527 | FCA1: 0.21425 | FCB1: 0.20354 | FCC1: 0.20214 | FCD1: 0.19628 | FCE1: 0.19182 | FCF1: 0.19563 | FCG1: 0.20245 | FCH1: 0.21425 | FCI1: 0.2236 | FCJ1: 0.23053 | FCK1: 0.228 | FCL1: 0.21886 | FCM1: 0.20959 | FCN1: 0.19574 | FCO1: 0.19367 | FCP1: 0.18385 | FCQ1: 0.17603 | FCR1: 0.1641 | FCS1: 0.16322 | FCT1: 0.16007 | FCU1: 0.17416 | FCV1: 0.16249 | FCW1: 0.15852 | FCX1: 0.14825 | FCY1: 0.12614 | FCZ1: 0.11719 | FDA1: 0.11622 | FDB1: 0.11363 | FDC1: 0.11359 | FDD1: 0.11353 | FDE1: 0.11783 | FDF1: 0.15619 | FDG1: 0.19409 | FDH1: 0.22576 | FDI1: 0.23641 | FDJ1: 0.23765 | FDK1: 0.22377 | FDL1: 0.20337 | FDM1: 0.20409 | FDN1: 0.19285 | FDO1: 0.18484 | FDP1: 0.18427 | FDQ1: 0.18054 | FDR1: 0.17569 | FDS1: 0.1715 | FDT1: 0.15995 | FDU1: 0.13337 | FDV1: 0.11784 | FDW1: 0.1136 | FDX1: 0.11355 | FDY1: 0.1135 | FDZ1: 0.11255 | FEA1: 0.11139 | FEB1: 0.11155 | FEC1: 0.11333 | FED1: 0.13621 | FEE1: 0.18472 | FEF1: 0.2131 | FEG1: 0.22874 | FEH1: 0.22904 | FEI1: 0.22793 | FEJ1: 0.21339 | FEK1: 0.21978 | FEL1: 0.20579 | FEM1: 0.19853 | FEN1: 0.19806 | FEO1: 0.19856 | FEP1: 0.21062 | FEQ1: 0.24966 | FER1: 0.2496 | FES1: 0.21659 | FET1: 0.19294 | FEU1: 0.16748 | FEV1: 0.15141 | FEW1: 0.14479 | FEX1: 0.14356 | FEY1: 0.14453 | FEZ1: 0.16145 | FFA1: 0.17992 | FFB1: 0.19609 | FFC1: 0.21199 | FFD1: 0.2669 | FFE1: 0.32292 | FFF1: 0.2696 | FFG1: 0.23019 | FFH1: 0.20549 | FFI1: 0.2024 | FFJ1: 0.1984 | FFK1: 0.19838 | FFL1: 0.19882 | FFM1: 0.1991 | FFN1: 0.2085 | FFO1: 0.2284 | FFP1: 0.2356 | FFQ1: 0.2174 | FFR1: 0.18824 | FFS1: 0.16192 | FFT1: 0.12643 | FFU1: 0.1136 | FFV1: 0.11355 | FFW1: 0.11356 | FFX1: 0.12519 | FFY1: 0.16197 | FFZ1: 0.1876 | FGA1: 0.2095 | FGB1: 0.2425 | FGC1: 0.25029 | FGD1: 0.23569 | FGE1: 0.22017 | FGF1: 0.20355 | FGG1: 0.41363 | FGH1: 0.34873 | FGI1: 0.39335 | FGJ1: 0.5136 | FGK1: 0.51364 | FGL1: 1.10231 | FGM1: 2.43943 | FGN1: 1.1136 | FGO1: 0.51361 | FGP1: 0.2117 | FGQ1: 0.17508 | FGR1: 0.13854 | FGS1: 0.11354 | FGT1: 0.11358 | FGU1: 0.11983 | FGV1: 0.17863 | FGW1: 0.18944 | FGX1: 0.25629 | FGY1: 0.51367 | FGZ1: 1.11269 | FHA1: 1.90992 | FHB1: 1.11826 | FHC1: 0.51851 | FHD1: 0.51366 | FHE1: 0.2096 | FHF1: 0.2005 | FHG1: 0.194 | FHH1: 0.19644 | FHI1: 0.19239 | FHJ1: 0.19858 | FHK1: 0.23111 | FHL1: 0.23871 | FHM1: 0.2286 | FHN1: 0.20247 | FHO1: 0.18034 | FHP1: 0.166 | FHQ1: 0.16242 | FHR1: 0.15891 | FHS1: 0.15816 | FHT1: 0.16199 | FHU1: 0.17552 | FHV1: 0.18919 | FHW1: 0.19313 | FHX1: 0.22368 | FHY1: 0.31364 | FHZ1: 0.29978 | FIA1: 0.23881 | FIB1: 0.2154 | FIC1: 0.21045 | FID1: 0.20902 | FIE1: 0.19968 | FIF1: 0.19357 | FIG1: 0.19721 | FIH1: 0.20488 | FII1: 0.23389 | FIJ1: 0.22253 | FIK1: 0.19849 | FIL1: 0.1735 | FIM1: 0.13805 | FIN1: 0.11563 | FIO1: 0.11204 | FIP1: 0.10851 | FIQ1: 0.10365 | FIR1: 0.10369 | FIS1: 0.10712 | FIT1: 0.11722 | FIU1: 0.15558 | FIV1: 0.19792 | FIW1: 0.22253 | FIX1: 0.25166 | FIY1: 0.24017 | FIZ1: 0.22262 | FJA1: 0.224 | FJB1: 0.22351 | FJC1: 0.22349 | FJD1: 0.22316 | FJE1: 0.22169 | FJF1: 0.21667 | FJG1: 0.21022 | FJH1: 0.19774 | FJI1: 0.18051 | FJJ1: 0.14318 | FJK1: 0.11864 | FJL1: 0.11364 | FJM1: 0.11358 | FJN1: 0.11337 | FJO1: 0.11352 | FJP1: 0.1149 | FJQ1: 0.12551 | FJR1: 0.18311 | FJS1: 0.2179 | FJT1: 0.24053 | FJU1: 0.2528 | FJV1: 0.2269 | FJW1: 0.18366 | FJX1: 0.17529 | FJY1: 0.18027 | FJZ1: 0.18065 | FKA1: 0.17796 | FKB1: 0.16499 | FKC1: 0.16516 | FKD1: 0.13402 | FKE1: 0.12043 | FKF1: 0.11442 | FKG1: 0.1136 | FKH1: 0.1136 | FKI1: 0.11358 | FKJ1: 0.11209 | FKK1: 0.11251 | FKL1: 0.1136 | FKM1: 0.11451 | FKN1: 0.15026 | FKO1: 0.18362 | FKP1: 0.20086 | FKQ1: 0.2135 | FKR1: 0.21599 | FKS1: 0.21576 | FKT1: 0.20661 | FKU1: 0.20848 | FKV1: 0.19792 | FKW1: 0.19179 | FKX1: 0.19161 | FKY1: 0.18923 | FKZ1: 0.19442 | FLA1: 0.23579 | FLB1: 0.2549 | FLC1: 0.25596 | FLD1: 0.22917 | FLE1: 0.22061 | FLF1: 0.20527 | FLG1: 0.19098 | FLH1: 0.1835 | FLI1: 0.15352 | FLJ1: 0.14821 | FLK1: 0.15123 | FLL1: 0.1758 | FLM1: 0.19164 | FLN1: 0.21607 | FLO1: 0.28039 | FLP1: 0.2427 | FLQ1: 0.22111 | FLR1: 0.20148 | FLS1: 0.19519 | FLT1: 0.19353 | FLU1: 0.19567 | FLV1: 0.19455 | FLW1: 0.19559 | FLX1: 0.19559 | FLY1: 0.2101 | FLZ1: 0.21429 | FMA1: 0.21487 | FMB1: 0.2011 | FMC1: 0.19671 | FMD1: 0.18816 | FME1: 0.18632 | FMF1: 0.18276 | FMG1: 0.17453 | FMH1: 0.17633 | FMI1: 0.18782 | FMJ1: 0.1895 | FMK1: 0.19839 | FML1: 0.21723 | FMM1: 0.2286 | FMN1: 0.22356 | FMO1: 0.22265 | FMP1: 0.1996 | FMQ1: 0.18179 | FMR1: 0.1789 | FMS1: 0.17678 | FMT1: 0.17918 | FMU1: 0.18474 | FMV1: 0.19251 | FMW1: 0.21385 | FMX1: 0.23011 | FMY1: 0.2286 | FMZ1: 0.20419 | FNA1: 0.19023 | FNB1: 0.1867 | FNC1: 0.18536 | FND1: 0.18474 | FNE1: 0.18672 | FNF1: 0.18558 | FNG1: 0.18761 | FNH1: 0.20057 | FNI1: 0.2132 | FNJ1: 0.23239 | FNK1: 0.27749 | FNL1: 0.22948 | FNM1: 0.20892 | FNN1: 0.1897 | FNO1: 0.17784 | FNP1: 0.16554 | FNQ1: 0.14006 | FNR1: 0.13161 | FNS1: 0.12368 | FNT1: 0.12387 | FNU1: 0.15003 | FNV1: 0.1536 | FNW1: 0.14716 | FNX1: 0.13625 | FNY1: 0.1155 | FNZ1: 0.1136 | FOA1: 0.11356 | FOB1: 0.10857 | FOC1: 0.09451 | FOD1: 0.09557 | FOE1: 0.1049 | FOF1: 0.11357 | FOG1: 0.12037 | FOH1: 0.16345 | FOI1: 0.20051 | FOJ1: 0.2289 | FOK1: 0.20051 | FOL1: 0.17761 | FOM1: 0.14501 | FON1: 0.13373 | FOO1: 0.13419 | FOP1: 0.13339 | FOQ1: 0.12258 | FOR1: 0.12361 | FOS1: 0.15179 | FOT1: 0.15935 | FOU1: 0.15303 | FOV1: 0.13216 | FOW1: 0.11655 | FOX1: 0.11401 | FOY1: 0.11355 | FOZ1: 0.11296 | FPA1: 0.11282 | FPB1: 0.11357 | FPC1: 0.11553 | FPD1: 0.13041 | FPE1: 0.17795 | FPF1: 0.20369 | FPG1: 0.25596 | FPH1: 0.24398 | FPI1: 0.21582 | FPJ1: 0.19855 | FPK1: 0.2027 | FPL1: 0.18431 | FPM1: 0.17712 | FPN1: 0.16006 | FPO1: 0.15222 | FPP1: 0.12929 | FPQ1: 0.11933 | FPR1: 0.11897 | FPS1: 0.11699 | FPT1: 0.1136 | FPU1: 0.10368 | FPV1: 0.08473 | FPW1: 0.08091 | FPX1: 0.0695 | FPY1: 0.06553 | FPZ1: 0.07876 | FQA1: 0.09992 | FQB1: 0.11354 | FQC1: 0.11548 | FQD1: 0.11382 | FQE1: 0.12029 | FQF1: 0.123 | FQG1: 0.1316 | FQH1: 0.12762 | FQI1: 0.11357 | FQJ1: 0.1135 | FQK1: 0.1128 | FQL1: 0.11312 | FQM1: 0.11354 | FQN1: 0.11359 | FQO1: 0.11359 | FQP1: 0.11359 | FQQ1: 0.113 | FQR1: 0.10711 | FQS1: 0.10362 | FQT1: 0.10156 | FQU1: 0.10011 | FQV1: 0.09123 | FQW1: 0.09262 | FQX1: 0.1014 | FQY1: 0.10744 | FQZ1: 0.11352 | FRA1: 0.17759 | FRB1: 0.20387 | FRC1: 0.23924 | FRD1: 0.24677 | FRE1: 0.2288 | FRF1: 0.21073 | FRG1: 0.19522 | FRH1: 0.19025 | FRI1: 0.18768 | FRJ1: 0.19132 | FRK1: 0.18988 | FRL1: 0.19404 | FRM1: 0.22578 | FRN1: 0.2386 | FRO1: 0.21424 | FRP1: 0.19121 | FRQ1: 0.16753 | FRR1: 0.15203 | FRS1: 0.14539 | FRT1: 0.14305 | FRU1: 0.14316 | FRV1: 0.15035 | FRW1: 0.1776 | FRX1: 0.1938 | FRY1: 0.21623 | FRZ1: 0.25009 | FSA1: 0.37095 | FSB1: 0.28729 | FSC1: 0.22725 | FSD1: 0.20562 | FSE1: 0.21912 | FSF1: 0.20956 | FSG1: 0.20668 | FSH1: 0.20474 | FSI1: 0.20126 | FSJ1: 0.21043 | FSK1: 0.22498 | FSL1: 0.21736 | FSM1: 0.2076 | FSN1: 0.18086 | FSO1: 0.16023 | FSP1: 0.14731 | FSQ1: 0.13555 | FSR1: 0.11864 | FSS1: 0.11631 | FST1: 0.12468 | FSU1: 0.16733 | FSV1: 0.19529 | FSW1: 0.21287 | FSX1: 0.2651 | FSY1: 0.26124 | FSZ1: 0.22172 | FTA1: 0.19967 | FTB1: 0.18249 | FTC1: 0.1686 | FTD1: 0.1685 | FTE1: 0.16752 | FTF1: 0.16858 | FTG1: 0.17352 | FTH1: 0.17974 | FTI1: 0.19806 | FTJ1: 0.22006 | FTK1: 0.21561 | FTL1: 0.19853 | FTM1: 0.1786 | FTN1: 0.16937 | FTO1: 0.16073 | FTP1: 0.15818 | FTQ1: 0.1686 | FTR1: 0.17203 | FTS1: 0.18108 | FTT1: 0.19374 | FTU1: 0.19433 | FTV1: 0.21332 | FTW1: 0.26221 | FTX1: 0.27768 | FTY1: 0.22757 | FTZ1: 0.20652 | FUA1: 0.20962 | FUB1: 0.19355 | FUC1: 0.19066 | FUD1: 0.1932 | FUE1: 0.19391 | FUF1: 0.19558 | FUG1: 0.22131 | FUH1: 0.2336 | FUI1: 0.22013 | FUJ1: 0.20271 | FUK1: 0.19429 | FUL1: 0.1802 | FUM1: 0.17104 | FUN1: 0.1613 | FUO1: 0.15808 | FUP1: 0.1637 | FUQ1: 0.17458 | FUR1: 0.19551 | FUS1: 0.20518 | FUT1: 0.2336 | FUU1: 0.29793 | FUV1: 0.28034 | FUW1: 0.23519 | FUX1: 0.21172 | FUY1: 0.21602 | FUZ1: 0.20091 | FVA1: 0.19647 | FVB1: 0.19663 | FVC1: 0.19581 | FVD1: 0.19785 | FVE1: 0.22154 | FVF1: 0.22352 | FVG1: 0.2232 | FVH1: 0.216 | FVI1: 0.20947 | FVJ1: 0.20343 | FVK1: 0.19685 | FVL1: 0.1922 | FVM1: 0.19164 | FVN1: 0.19179 | FVO1: 0.19931 | FVP1: 0.19914 | FVQ1: 0.20586 | FVR1: 0.21599 | FVS1: 0.20689 | FVT1: 0.20821 | FVU1: 0.19926 | FVV1: 0.19271 | FVW1: 0.16425 | FVX1: 0.16412 | FVY1: 0.15052 | FVZ1: 0.15127 | FWA1: 0.14632 | FWB1: 0.14465 | FWC1: 0.14426 | FWD1: 0.14142 | FWE1: 0.1402 | FWF1: 0.13457 | FWG1: 0.11876 | FWH1: 0.11364 | FWI1: 0.11359 | FWJ1: 0.1086 | FWK1: 0.0987 | FWL1: 0.10213 | FWM1: 0.11012 | FWN1: 0.11359 | FWO1: 0.14237 | FWP1: 0.16393 | FWQ1: 0.18905 | FWR1: 0.18986 | FWS1: 0.19244 | FWT1: 0.1766 | FWU1: 0.20255 | FWV1: 0.17679 | FWW1: 0.16905 | FWX1: 0.1579 | FWY1: 0.15153 | FWZ1: 0.15041 | FXA1: 0.14556 | FXB1: 0.12788 | FXC1: 0.11389 | FXD1: 0.11029 | FXE1: 0.09247 | FXF1: 0.07352 | FXG1: 0.05413 | FXH1: 0.03964 | FXI1: 0.03964 | FXJ1: 0.06178 | FXK1: 0.09357 | FXL1: 0.11355 | FXM1: 0.16014 | FXN1: 0.20553 | FXO1: 0.2294 | FXP1: 0.22228 | FXQ1: 0.21944 | FXR1: 0.20066 | FXS1: 0.19295 | FXT1: 0.17984 | FXU1: 0.17177 | FXV1: 0.17663 | FXW1: 0.18142 | FXX1: 0.19367 | FXY1: 0.2336 | FXZ1: 0.2577 | FYA1: 0.20337 | FYB1: 0.17289 | FYC1: 0.14912 | FYD1: 0.12489 | FYE1: 0.11367 | FYF1: 0.11359 | FYG1: 0.11353 | FYH1: 0.11714 | FYI1: 0.15789 | FYJ1: 0.1956 | FYK1: 0.22795 | FYL1: 0.31779 | FYM1: 0.33856 | FYN1: 0.25716 | FYO1: 0.20608 | FYP1: 0.1937 | FYQ1: 0.19019 | FYR1: 0.17737 | FYS1: 0.16609 | FYT1: 0.15042 | FYU1: 0.15176 | FYV1: 0.16392 | FYW1: 0.19395 | FYX1: 0.20455 | FYY1: 0.19791 | FYZ1: 0.17637 | FZA1: 0.13509 | FZB1: 0.11366 | FZC1: 0.10557 | FZD1: 0.10257 | FZE1: 0.10212 | FZF1: 0.10246 | FZG1: 0.1113 | FZH1: 0.13572 | FZI1: 0.17662 | FZJ1: 0.19559 | FZK1: 0.2352 | FZL1: 0.22788 | FZM1: 0.21941 | FZN1: 0.19791 | FZO1: 0.201 | FZP1: 0.18658 | FZQ1: 0.18642 | FZR1: 0.18413 | FZS1: 0.18465 | FZT1: 0.19104 | FZU1: 0.20365 | FZV1: 0.21336 | FZW1: 0.2193 | FZX1: 0.19074 | FZY1: 0.17179 | FZZ1: 0.15535 | GAA1: 0.14619 | GAB1: 0.13545 | GAC1: 0.1244 | GAD1: 0.12707 | GAE1: 0.15248 | GAF1: 0.17528 | GAG1: 0.19653 | GAH1: 0.22049 | GAI1: 0.30155 | GAJ1: 0.25707 | GAK1: 0.22851 | GAL1: 0.20641 | GAM1: 0.20357 | GAN1: 0.19389 | GAO1: 0.19265 | GAP1: 0.19214 | GAQ1: 0.19287 | GAR1: 0.2057 | GAS1: 0.23448 | GAT1: 0.22087 | GAU1: 0.21034 | GAV1: 0.19282 | GAW1: 0.17744 | GAX1: 0.16073 | GAY1: 0.14861 | GAZ1: 0.14756 | GBA1: 0.15061 | GBB1: 0.16238 | GBC1: 0.18116 | GBD1: 0.19908 | GBE1: 0.2056 | GBF1: 0.24378 | GBG1: 0.3412 | GBH1: 0.29806 | GBI1: 0.23314 | GBJ1: 0.21552 | GBK1: 0.20371 | GBL1: 0.19405 | GBM1: 0.19351 | GBN1: 0.19289 | GBO1: 0.19698 | GBP1: 0.20498 | GBQ1: 0.2292 | GBR1: 0.22432 | GBS1: 0.212 | GBT1: 0.19503 | GBU1: 0.1836 | GBV1: 0.17235 | GBW1: 0.15794 | GBX1: 0.1501 | GBY1: 0.1498 | GBZ1: 0.15614 | GCA1: 0.17739 | GCB1: 0.19094 | GCC1: 0.20521 | GCD1: 0.23462 | GCE1: 0.30406 | GCF1: 0.2336 | GCG1: 0.22046 | GCH1: 0.20515 | GCI1: 0.20833 | GCJ1: 0.20301 | GCK1: 0.20185 | GCL1: 0.20348 | GCM1: 0.20784 | GCN1: 0.2074 | GCO1: 0.20509 | GCP1: 0.19959 | GCQ1: 0.1818 | GCR1: 0.1634 | GCS1: 0.11875 | GCT1: 0.1136 | GCU1: 0.10895 | GCV1: 0.10931 | GCW1: 0.11072 | GCX1: 0.11089 | GCY1: 0.11602 | GCZ1: 0.16589 | GDA1: 0.1986 | GDB1: 0.22316 | GDC1: 0.24835 | GDD1: 0.22241 | GDE1: 0.1977 | GDF1: 0.18811 | GDG1: 0.17723 | GDH1: 0.1699 | GDI1: 0.1688 | GDJ1: 0.17398 | GDK1: 0.18221 | GDL1: 0.18884 | GDM1: 0.19497 | GDN1: 0.17391 | GDO1: 0.16228 | GDP1: 0.12417 | GDQ1: 0.11367 | GDR1: 0.11361 | GDS1: 0.11361 | GDT1: 0.11352 | GDU1: 0.11339 | GDV1: 0.11364 | GDW1: 0.11371 | GDX1: 0.17341 | GDY1: 0.20787 | GDZ1: 0.22187 | GEA1: 0.24128 | GEB1: 0.24172 | GEC1: 0.22545 | GED1: 0.2073 | GEE1: 0.2357 | GEF1: 0.21023 | GEG1: 0.20048 | GEH1: 0.20053 | GEI1: 0.19974 | GEJ1: 0.19586 | GEK1: 0.23308 | GEL1: 0.24528 | GEM1: 0.23965 | GEN1: 0.20794 | GEO1: 0.18874 | GEP1: 0.18648 | GEQ1: 0.17982 | GER1: 0.15685 | GES1: 0.13301 | GET1: 0.13398 | GEU1: 0.16206 | GEV1: 0.17729 | GEW1: 0.19475 | GEX1: 0.21264 | GEY1: 0.29984 | GEZ1: 0.28564 | GFA1: 0.22464 | GFB1: 0.2116 | GFC1: 0.19699 | GFD1: 0.1894 | GFE1: 0.1903 | GFF1: 0.1841 | GFG1: 0.18743 | GFH1: 0.19021 | GFI1: 0.22033 | GFJ1: 0.23411 | GFK1: 0.22881 | GFL1: 0.20089 | GFM1: 0.18247 | GFN1: 0.17497 | GFO1: 0.15702 | GFP1: 0.15189 | GFQ1: 0.14961 | GFR1: 0.15556 | GFS1: 0.17846 | GFT1: 0.19313 | GFU1: 0.19352 | GFV1: 0.20963 | GFW1: 0.23212 | GFX1: 0.21561 | GFY1: 0.21283 | GFZ1: 0.20518 | GGA1: 0.19715 | GGB1: 0.19193 | GGC1: 0.18616 | GGD1: 0.18845 | GGE1: 0.18859 | GGF1: 0.18937 | GGG1: 0.21667 | GGH1: 0.2425 | GGI1: 0.21279 | GGJ1: 0.18651 | GGK1: 0.1685 | GGL1: 0.13479 | GGM1: 0.11518 | GGN1: 0.11345 | GGO1: 0.11154 | GGP1: 0.11164 | GGQ1: 0.11581 | GGR1: 0.15287 | GGS1: 0.18294 | GGT1: 0.2095 | GGU1: 0.22353 | GGV1: 0.23542 | GGW1: 0.22318 | GGX1: 0.20863 | GGY1: 0.20615 | GGZ1: 0.2008 | GHA1: 0.1985 | GHB1: 0.19352 | GHC1: 0.19 | GHD1: 0.20613 | GHE1: 0.21976 | GHF1: 0.23046 | GHG1: 0.20458 | GHH1: 0.18558 | GHI1: 0.16868 | GHJ1: 0.15055 | GHK1: 0.13791 | GHL1: 0.13096 | GHM1: 0.12687 | GHN1: 0.1398 | GHO1: 0.1674 | GHP1: 0.1936 | GHQ1: 0.2106 | GHR1: 0.24053 | GHS1: 0.26932 | GHT1: 0.24521 | GHU1: 0.2136 | GHV1: 0.19855 | GHW1: 0.19692 | GHX1: 0.1875 | GHY1: 0.1927 | GHZ1: 0.19521 | GIA1: 0.19477 | GIB1: 0.19681 | GIC1: 0.21312 | GID1: 0.23016 | GIE1: 0.2177 | GIF1: 0.21043 | GIG1: 0.20413 | GIH1: 0.19495 | GII1: 0.1836 | GIJ1: 0.17672 | GIK1: 0.17379 | GIL1: 0.18174 | GIM1: 0.18644 | GIN1: 0.20212 | GIO1: 0.20794 | GIP1: 0.22139 | GIQ1: 0.25685 | GIR1: 0.2526 | GIS1: 0.21999 | GIT1: 0.21151 | GIU1: 0.21756 | GIV1: 0.21701 | GIW1: 0.21099 | GIX1: 0.20885 | GIY1: 0.20606 | GIZ1: 0.20411 | GJA1: 0.201 | GJB1: 0.19635 | GJC1: 0.19829 | GJD1: 0.18127 | GJE1: 0.17438 | GJF1: 0.1535 | GJG1: 0.1416 | GJH1: 0.1314 | GJI1: 0.13152 | GJJ1: 0.14862 | GJK1: 0.18132 | GJL1: 0.20833 | GJM1: 0.21857 | GJN1: 0.23029 | GJO1: 0.2367 | GJP1: 0.23542 | GJQ1: 0.2217 | GJR1: 0.21154 | GJS1: 0.22359 | GJT1: 0.20871 | GJU1: 0.20181 | GJV1: 0.19513 | GJW1: 0.19214 | GJX1: 0.19286 | GJY1: 0.18913 | GJZ1: 0.18621 | GKA1: 0.13909 | GKB1: 0.11852 | GKC1: 0.1136 | GKD1: 0.11117 | GKE1: 0.09697 | GKF1: 0.07369 | GKG1: 0.06491 | GKH1: 0.08007 | GKI1: 0.09983 | GKJ1: 0.11161 | GKK1: 0.15447 | GKL1: 0.20608 | GKM1: 0.22545 | GKN1: 0.22926 | GKO1: 0.21855 | GKP1: 0.19806 | GKQ1: 0.19319 | GKR1: 0.18963 | GKS1: 0.18585 | GKT1: 0.18989 | GKU1: 0.1936 | GKV1: 0.2149 | GKW1: 0.2486 | GKX1: 0.23526 | GKY1: 0.21206 | GKZ1: 0.17726 | GLA1: 0.12418 | GLB1: 0.11344 | GLC1: 0.11341 | GLD1: 0.1119 | GLE1: 0.11262 | GLF1: 0.11353 | GLG1: 0.12734 | GLH1: 0.17808 | GLI1: 0.21051 | GLJ1: 0.23684 | GLK1: 0.29167 | GLL1: 0.24632 | GLM1: 0.2214 | GLN1: 0.2038 | GLO1: 0.19161 | GLP1: 0.18937 | GLQ1: 0.19287 | GLR1: 0.19733 | GLS1: 0.20219 | GLT1: 0.21545 | GLU1: 0.22924 | GLV1: 0.22708 | GLW1: 0.21325 | GLX1: 0.18138 | GLY1: 0.15112 | GLZ1: 0.12144 | GMA1: 0.11469 | GMB1: 0.11356 | GMC1: 0.11354 | GMD1: 0.12685 | GME1: 0.15428 | GMF1: 0.1917 | GMG1: 0.217 | GMH1: 0.24304 | GMI1: 0.29073 | GMJ1: 0.26127 | GMK1: 0.22858 | GML1: 0.21264 | GMM1: 0.21245 | GMN1: 0.20089 | GMO1: 0.19879 | GMP1: 0.1965 | GMQ1: 0.2042 | GMR1: 0.21599 | GMS1: 0.22611 | GMT1: 0.22374 | GMU1: 0.20886 | GMV1: 0.19262 | GMW1: 0.16949 | GMX1: 0.14706 | GMY1: 0.13535 | GMZ1: 0.12496 | GNA1: 0.13113 | GNB1: 0.14534 | GNC1: 0.15969 | GND1: 0.18945 | GNE1: 0.21276 | GNF1: 0.22899 | GNG1: 0.24975 | GNH1: 0.22979 | GNI1: 0.21811 | GNJ1: 0.21009 | GNK1: 0.21005 | GNL1: 0.206 | GNM1: 0.20045 | GNN1: 0.19771 | GNO1: 0.20668 | GNP1: 0.22631 | GNQ1: 0.24799 | GNR1: 0.22312 | GNS1: 0.21955 | GNT1: 0.2037 | GNU1: 0.19055 | GNV1: 0.18124 | GNW1: 0.17763 | GNX1: 0.17398 | GNY1: 0.17599 | GNZ1: 0.18482 | GOA1: 0.19099 | GOB1: 0.20876 | GOC1: 0.21643 | GOD1: 0.2261 | GOE1: 0.25167 | GOF1: 0.23763 | GOG1: 0.22654 | GOH1: 0.2193 | GOI1: 0.20753 | GOJ1: 0.20277 | GOK1: 0.20171 | GOL1: 0.19657 | GOM1: 0.20055 | GON1: 0.21021 | GOO1: 0.22435 | GOP1: 0.23498 | GOQ1: 0.22679 | GOR1: 0.21802 | GOS1: 0.20528 | GOT1: 0.19129 | GOU1: 0.18718 | GOV1: 0.17554 | GOW1: 0.16704 | GOX1: 0.16418 | GOY1: 0.17902 | GOZ1: 0.19129 | GPA1: 0.21582 | GPB1: 0.24209 | GPC1: 0.25979 | GPD1: 0.23526 | GPE1: 0.22802 | GPF1: 0.21261 | GPG1: 0.21625 | GPH1: 0.21274 | GPI1: 0.2069 | GPJ1: 0.2027 | GPK1: 0.19991 | GPL1: 0.20848 | GPM1: 0.21734 | GPN1: 0.20911 | GPO1: 0.1981 | GPP1: 0.17966 | GPQ1: 0.14604 | GPR1: 0.13396 | GPS1: 0.12826 | GPT1: 0.12001 | GPU1: 0.1177 | GPV1: 0.12598 | GPW1: 0.14604 | GPX1: 0.18721 | GPY1: 0.21715 | GPZ1: 0.22362 | GQA1: 0.23824 | GQB1: 0.25024 | GQC1: 0.2328 | GQD1: 0.2149 | GQE1: 0.22381 | GQF1: 0.21494 | GQG1: 0.2105 | GQH1: 0.20628 | GQI1: 0.20381 | GQJ1: 0.1966 | GQK1: 0.1913 | GQL1: 0.1868 | GQM1: 0.17753 | GQN1: 0.14171 | GQO1: 0.12165 | GQP1: 0.11565 | GQQ1: 0.11366 | GQR1: 0.11356 | GQS1: 0.11144 | GQT1: 0.11359 | GQU1: 0.1146 | GQV1: 0.13606 | GQW1: 0.18677 | GQX1: 0.21926 | GQY1: 0.23352 | GQZ1: 0.23859 | GRA1: 0.22654 | GRB1: 0.21843 | GRC1: 0.21668 | GRD1: 0.19892 | GRE1: 0.1959 | GRF1: 0.19895 | GRG1: 0.19719 | GRH1: 0.21084 | GRI1: 0.23258 | GRJ1: 0.25035 | GRK1: 0.22757 | GRL1: 0.21643 | GRM1: 0.1881 | GRN1: 0.1779 | GRO1: 0.17072 | GRP1: 0.15565 | GRQ1: 0.14995 | GRR1: 0.16503 | GRS1: 0.1837 | GRT1: 0.199 | GRU1: 0.22257 | GRV1: 0.26636 | GRW1: 0.36361 | GRX1: 0.28453 | GRY1: 0.2339 | GRZ1: 0.21652 | GSA1: 0.21669 | GSB1: 0.20917 | GSC1: 0.20284 | GSD1: 0.19884 | GSE1: 0.19936 | GSF1: 0.20937 | GSG1: 0.23746 | GSH1: 0.23964 | GSI1: 0.19889 | GSJ1: 0.18811 | GSK1: 0.14964 | GSL1: 0.13503 | GSM1: 0.12946 | GSN1: 0.11655 | GSO1: 0.11839 | GSP1: 0.13304 | GSQ1: 0.15331 | GSR1: 0.19579 | GSS1: 0.21989 | GST1: 0.28818 | GSU1: 0.34445 | GSV1: 0.28405 | GSW1: 0.23214 | GSX1: 0.21363 | GSY1: 0.20499 | GSZ1: 0.19684 | GTA1: 0.19289 | GTB1: 0.19684 | GTC1: 0.20003 | GTD1: 0.21796 | GTE1: 0.23967 | GTF1: 0.24158 | GTG1: 0.22266 | GTH1: 0.20251 | GTI1: 0.18716 | GTJ1: 0.17609 | GTK1: 0.15574 | GTL1: 0.14865 | GTM1: 0.16479 | GTN1: 0.18288 | GTO1: 0.19934 | GTP1: 0.2188 | GTQ1: 0.22001 | GTR1: 0.23335 | GTS1: 0.26288 | GTT1: 0.24785 | GTU1: 0.22634 | GTV1: 0.21638 | GTW1: 0.21003 | GTX1: 0.20166 | GTY1: 0.20096 | GTZ1: 0.20166 | GUA1: 0.20187 | GUB1: 0.20971 | GUC1: 0.22453 | GUD1: 0.23853 | GUE1: 0.22801 | GUF1: 0.22044 | GUG1: 0.1997 | GUH1: 0.1852 | GUI1: 0.17069 | GUJ1: 0.15409 | GUK1: 0.14578 | GUL1: 0.15384 | GUM1: 0.17141 | GUN1: 0.19412 | GUO1: 0.21552 | GUP1: 0.25209 | GUQ1: 0.31091 | GUR1: 0.2486 | GUS1: 0.2156 | GUT1: 0.20716 | GUU1: 0.21731 | GUV1: 0.19752 | GUW1: 0.18094 | GUX1: 0.1779 | GUY1: 0.16691 | GUZ1: 0.17796 | GVA1: 0.1936 | GVB1: 0.20201 | GVC1: 0.173 | GVD1: 0.14491 | GVE1: 0.12258 | GVF1: 0.1142 | GVG1: 0.11357 | GVH1: 0.11344 | GVI1: 0.1128 | GVJ1: 0.11349 | GVK1: 0.11359 | GVL1: 0.11615 | GVM1: 0.15538 | GVN1: 0.19464 | GVO1: 0.23857 | GVP1: 0.23165 | GVQ1: 0.22706 | GVR1: 0.20683 | GVS1: 0.19869 | GVT1: 0.20573 | GVU1: 0.20088 | GVV1: 0.19827 | GVW1: 0.19653 | GVX1: 0.19912 | GVY1: 0.20228 | GVZ1: 0.18961 | GWA1: 0.14546 | GWB1: 0.1138 | GWC1: 0.1106 | GWD1: 0.1014 | GWE1: 0.09111 | GWF1: 0.07283 | GWG1: 0.07351 | GWH1: 0.08393 | GWI1: 0.1054 | GWJ1: 0.11367 | GWK1: 0.16244 | GWL1: 0.22015 | GWM1: 0.23903 | GWN1: 0.2466 | GWO1: 0.23145 | GWP1: 0.22024 | GWQ1: 0.22031 | GWR1: 0.21777 | GWS1: 0.21356 | GWT1: 0.20874 | GWU1: 0.21009 | GWV1: 0.22857 | GWW1: 0.22004 | GWX1: 0.18462 | GWY1: 0.1414 | GWZ1: 0.1136 | GXA1: 0.10859 | GXB1: 0.09861 | GXC1: 0.08156 | GXD1: 0.05364 | GXE1: 0.06351 | GXF1: 0.08218 | GXG1: 0.10863 | GXH1: 0.11506 | GXI1: 0.20174 | GXJ1: 0.2424 | GXK1: 0.25078 | GXL1: 0.23975 | GXM1: 0.22359 | GXN1: 0.21088 | GXO1: 0.21858 | GXP1: 0.20822 | GXQ1: 0.1989 | GXR1: 0.2002 | GXS1: 0.20245 | GXT1: 0.22814 | GXU1: 0.26742 | GXV1: 0.26742 | GXW1: 0.22885 | GXX1: 0.1835 | GXY1: 0.15372 | GXZ1: 0.12964 | GYA1: 0.12366 | GYB1: 0.12058 | GYC1: 0.1274 | GYD1: 0.14147 | GYE1: 0.16225 | GYF1: 0.20289 | GYG1: 0.23638 | GYH1: 0.31962 | GYI1: 0.33844 | GYJ1: 0.24194 | GYK1: 0.22048 | GYL1: 0.21365 | GYM1: 0.21324 | GYN1: 0.20151 | GYO1: 0.2002 | GYP1: 0.19839 | GYQ1: 0.19836 | GYR1: 0.21497 | GYS1: 0.23926 | GYT1: 0.24731 | GYU1: 0.23149 | GYV1: 0.20141 | GYW1: 0.18027 | GYX1: 0.16954 | GYY1: 0.15661 | GYZ1: 0.15397 | GZA1: 0.16156 | GZB1: 0.17775 | GZC1: 0.1996 | GZD1: 0.2186 | GZE1: 0.23464 | GZF1: 0.31632 | GZG1: 0.31895 | GZH1: 0.2425 | GZI1: 0.22508 | GZJ1: 0.21859 | GZK1: 0.20133 | GZL1: 0.20439 | GZM1: 0.20133 | GZN1: 0.207 | GZO1: 0.2072 | GZP1: 0.2207 | GZQ1: 0.24334 | GZR1: 0.25022 | GZS1: 0.23456 | GZT1: 0.22239 | GZU1: 0.19668 | GZV1: 0.19084 | GZW1: 0.18645 | GZX1: 0.18898 | GZY1: 0.18831 | GZZ1: 0.19534 | HAA1: 0.20796 | HAB1: 0.21919 | HAC1: 0.22508 | HAD1: 0.27501 | HAE1: 0.33252 | HAF1: 0.2623 | HAG1: 0.23403 | HAH1: 0.22355 | HAI1: 0.22393 | HAJ1: 0.22326 | HAK1: 0.2189 | HAL1: 0.20834 | HAM1: 0.20962 | HAN1: 0.22251 | HAO1: 0.23335 | HAP1: 0.23431 | HAQ1: 0.22857 | HAR1: 0.20472 | HAS1: 0.1727 | HAT1: 0.13354 | HAU1: 0.12346 | HAV1: 0.11361 | HAW1: 0.11356 | HAX1: 0.11785 | HAY1: 0.14701 | HAZ1: 0.19086 | HBA1: 0.23353 | HBB1: 0.25611 | HBC1: 0.2739 | HBD1: 0.25444 | HBE1: 0.23247 | HBF1: 0.20854 | HBG1: 0.22257 | HBH1: 0.20038 | HBI1: 0.19918 | HBJ1: 0.19943 | HBK1: 0.20136 | HBL1: 0.20565 | HBM1: 0.24202 | HBN1: 0.24851 | HBO1: 0.23843 | HBP1: 0.21455 | HBQ1: 0.18975 | HBR1: 0.17343 | HBS1: 0.16428 | HBT1: 0.16353 | HBU1: 0.16117 | HBV1: 0.16876 | HBW1: 0.19627 | HBX1: 0.21736 | HBY1: 0.24852 | HBZ1: 0.34412 | HCA1: 0.35672 | HCB1: 0.28543 | HCC1: 0.24814 | HCD1: 0.22977 | HCE1: 0.22071 | HCF1: 0.22286 | HCG1: 0.21673 | HCH1: 0.21542 | HCI1: 0.22419 | HCJ1: 0.22444 | HCK1: 0.2203 | HCL1: 0.21757 | HCM1: 0.21703 | HCN1: 0.1976 | HCO1: 0.18309 | HCP1: 0.16788 | HCQ1: 0.16053 | HCR1: 0.15431 | HCS1: 0.15303 | HCT1: 0.15316 | HCU1: 0.17269 | HCV1: 0.202 | HCW1: 0.23328 | HCX1: 0.25416 | HCY1: 0.26278 | HCZ1: 0.24058 | HDA1: 0.2303 | HDB1: 0.21942 | HDC1: 0.22542 | HDD1: 0.2264 | HDE1: 0.21977 | HDF1: 0.21982 | HDG1: 0.21835 | HDH1: 0.21857 | HDI1: 0.21313 | HDJ1: 0.2088 | HDK1: 0.2018 | HDL1: 0.19592 | HDM1: 0.18572 | HDN1: 0.18612 | HDO1: 0.17963 | HDP1: 0.14724 | HDQ1: 0.13132 | HDR1: 0.16488 | HDS1: 0.18346 | HDT1: 0.19599 | HDU1: 0.20745 | HDV1: 0.22353 | HDW1: 0.22928 | HDX1: 0.22343 | HDY1: 0.225 | HDZ1: 0.21305 | HEA1: 0.21099 | HEB1: 0.2037 | HEC1: 0.2023 | HED1: 0.19846 | HEE1: 0.1981 | HEF1: 0.20157 | HEG1: 0.2426 | HEH1: 0.26593 | HEI1: 0.2432 | HEJ1: 0.22618 | HEK1: 0.2105 | HEL1: 0.20334 | HEM1: 0.19798 | HEN1: 0.19247 | HEO1: 0.19381 | HEP1: 0.1935 | HEQ1: 0.19765 | HER1: 0.2143 | HES1: 0.22757 | HET1: 0.3136 | HEU1: 0.31743 | HEV1: 0.25371 | HEW1: 0.21442 | HEX1: 0.1998 | HEY1: 0.2072 | HEZ1: 0.20315 | HFA1: 0.2021 | HFB1: 0.20291 | HFC1: 0.19979 | HFD1: 0.20357 | HFE1: 0.23666 | HFF1: 0.24683 | HFG1: 0.23657 | HFH1: 0.21669 | HFI1: 0.18861 | HFJ1: 0.16373 | HFK1: 0.15129 | HFL1: 0.13182 | HFM1: 0.13396 | HFN1: 0.1625 | HFO1: 0.19575 | HFP1: 0.2181 | HFQ1: 0.23167 | HFR1: 0.27241 | HFS1: 0.26831 | HFT1: 0.23449 | HFU1: 0.21742 | HFV1: 0.21156 | HFW1: 0.20096 | HFX1: 0.1956 | HFY1: 0.17953 | HFZ1: 0.16969 | HGA1: 0.17402 | HGB1: 0.17355 | HGC1: 0.1949 | HGD1: 0.19952 | HGE1: 0.20098 | HGF1: 0.16676 | HGG1: 0.11376 | HGH1: 0.10865 | HGI1: 0.10059 | HGJ1: 0.09328 | HGK1: 0.09232 | HGL1: 0.09755 | HGM1: 0.10096 | HGN1: 0.11561 | HGO1: 0.18086 | HGP1: 0.21549 | HGQ1: 0.25395 | HGR1: 0.24456 | HGS1: 0.21702 | HGT1: 0.19925 | HGU1: 0.19254 | HGV1: 0.18664 | HGW1: 0.19406 | HGX1: 0.19377 | HGY1: 0.18383 | HGZ1: 0.19902 | HHA1: 0.21355 | HHB1: 0.24306 | HHC1: 0.22665 | HHD1: 0.1867 | HHE1: 0.1284 | HHF1: 0.1136 | HHG1: 0.11322 | HHH1: 0.11104 | HHI1: 0.11209 | HHJ1: 0.10925 | HHK1: 0.11351 | HHL1: 0.13849 | HHM1: 0.20306 | HHN1: 0.22634 | HHO1: 0.2251 | HHP1: 0.22359 | HHQ1: 0.20908 | HHR1: 0.19282 | HHS1: 0.1655 | HHT1: 0.15947 | HHU1: 0.15211 | HHV1: 0.13996 | HHW1: 0.14008 | HHX1: 0.14419 | HHY1: 0.17782 | HHZ1: 0.17423 | HIA1: 0.15724 | HIB1: 0.11766 | HIC1: 0.11359 | HID1: 0.10963 | HIE1: 0.10406 | HIF1: 0.09828 | HIG1: 0.09705 | HIH1: 0.10345 | HII1: 0.10442 | HIJ1: 0.11357 | HIK1: 0.1638 | HIL1: 0.21313 | HIM1: 0.23217 | HIN1: 0.23675 | HIO1: 0.23314 | HIP1: 0.2141 | HIQ1: 0.22405 | HIR1: 0.21738 | HIS1: 0.21402 | HIT1: 0.21388 | HIU1: 0.2145 | HIV1: 0.219 | HIW1: 0.21462 | HIX1: 0.21583 | HIY1: 0.18982 | HIZ1: 0.1286 | HJA1: 0.11357 | HJB1: 0.10675 | HJC1: 0.09492 | HJD1: 0.07351 | HJE1: 0.06942 | HJF1: 0.08596 | HJG1: 0.10545 | HJH1: 0.11261 | HJI1: 0.18528 | HJJ1: 0.20512 | HJK1: 0.19368 | HJL1: 0.18251 | HJM1: 0.17774 | HJN1: 0.1636 | HJO1: 0.11397 | HJP1: 0.11358 | HJQ1: 0.11326 | HJR1: 0.1126 | HJS1: 0.11271 | HJT1: 0.11318 | HJU1: 0.11355 | HJV1: 0.11359 | HJW1: 0.11359 | HJX1: 0.11221 | HJY1: 0.10753 | HJZ1: 0.1035 | HKA1: 0.0981 | HKB1: 0.09359 | HKC1: 0.09377 | HKD1: 0.10345 | HKE1: 0.10859 | HKF1: 0.1146 | HKG1: 0.20064 | HKH1: 0.2236 | HKI1: 0.23305 | HKJ1: 0.21909 | HKK1: 0.2133 | HKL1: 0.20608 | HKM1: 0.20635 | HKN1: 0.19925 | HKO1: 0.19454 | HKP1: 0.19696 | HKQ1: 0.19603 | HKR1: 0.19708 | HKS1: 0.22671 | HKT1: 0.26729 | HKU1: 0.24457 | HKV1: 0.21253 | HKW1: 0.1906 | HKX1: 0.17891 | HKY1: 0.13667 | HKZ1: 0.13115 | HLA1: 0.15648 | HLB1: 0.18465 | HLC1: 0.2016 | HLD1: 0.21307 | HLE1: 0.23042 | HLF1: 0.30391 | HLG1: 0.34466 | HLH1: 0.25742 | HLI1: 0.22446 | HLJ1: 0.22114 | HLK1: 0.21201 | HLL1: 0.20351 | HLM1: 0.20005 | HLN1: 0.2009 | HLO1: 0.2027 | HLP1: 0.21376 | HLQ1: 0.23936 | HLR1: 0.25159 | HLS1: 0.22961 | HLT1: 0.20354 | HLU1: 0.18732 | HLV1: 0.14273 | HLW1: 0.11867 | HLX1: 0.11478 | HLY1: 0.11593 | HLZ1: 0.13705 | HMA1: 0.1661 | HMB1: 0.20231 | HMC1: 0.22966 | HMD1: 0.34585 | HME1: 0.33152 | HMF1: 0.23412 | HMG1: 0.21881 | HMH1: 0.20607 | HMI1: 0.20407 | HMJ1: 0.20491 | HMK1: 0.20108 | HML1: 0.2028 | HMM1: 0.20534 | HMN1: 0.20595 | HMO1: 0.22859 | HMP1: 0.24217 | HMQ1: 0.2346 | HMR1: 0.219 | HMS1: 0.20116 | HMT1: 0.18238 | HMU1: 0.14874 | HMV1: 0.124 | HMW1: 0.12177 | HMX1: 0.16844 | HMY1: 0.19216 | HMZ1: 0.20597 | HNA1: 0.22517 | HNB1: 0.31551 | HNC1: 0.31763 | HND1: 0.23844 | HNE1: 0.22536 | HNF1: 0.2133 | HNG1: 0.20713 | HNH1: 0.20758 | HNI1: 0.20341 | HNJ1: 0.20228 | HNK1: 0.20297 | HNL1: 0.21483 | HNM1: 0.23906 | HNN1: 0.24807 | HNO1: 0.23984 | HNP1: 0.22231 | HNQ1: 0.20579 | HNR1: 0.198 | HNS1: 0.17938 | HNT1: 0.15885 | HNU1: 0.16492 | HNV1: 0.19305 | HNW1: 0.20375 | HNX1: 0.21898 | HNY1: 0.23711 | HNZ1: 0.34109 | HOA1: 0.40287 | HOB1: 0.28269 | HOC1: 0.2386 | HOD1: 0.2237 | HOE1: 0.22348 | HOF1: 0.2139 | HOG1: 0.20713 | HOH1: 0.20688 | HOI1: 0.21122 | HOJ1: 0.22097 | HOK1: 0.25043 | HOL1: 0.26466 | HOM1: 0.24715 | HON1: 0.2273 | HOO1: 0.21184 | HOP1: 0.20355 | HOQ1: 0.19973 | HOR1: 0.1938 | HOS1: 0.19268 | HOT1: 0.19558 | HOU1: 0.19995 | HOV1: 0.21556 | HOW1: 0.23359 | HOX1: 0.26971 | HOY1: 0.25089 | HOZ1: 0.22631 | HPA1: 0.21043 | HPB1: 0.20896 | HPC1: 0.22127 | HPD1: 0.21904 | HPE1: 0.21566 | HPF1: 0.21264 | HPG1: 0.21025 | HPH1: 0.21167 | HPI1: 0.22357 | HPJ1: 0.22435 | HPK1: 0.22357 | HPL1: 0.19852 | HPM1: 0.17373 | HPN1: 0.13194 | HPO1: 0.11407 | HPP1: 0.11301 | HPQ1: 0.1128 | HPR1: 0.11615 | HPS1: 0.13731 | HPT1: 0.19362 | HPU1: 0.2309 | HPV1: 0.26189 | HPW1: 0.24038 | HPX1: 0.22089 | HPY1: 0.21345 | HPZ1: 0.20283 | HQA1: 0.20736 | HQB1: 0.19958 | HQC1: 0.19397 | HQD1: 0.19374 | HQE1: 0.1948 | HQF1: 0.19376 | HQG1: 0.19309 | HQH1: 0.1867 | HQI1: 0.17423 | HQJ1: 0.15487 | HQK1: 0.12633 | HQL1: 0.11281 | HQM1: 0.10443 | HQN1: 0.0896 | HQO1: 0.09366 | HQP1: 0.10861 | HQQ1: 0.13916 | HQR1: 0.19188 | HQS1: 0.22271 | HQT1: 0.2452 | HQU1: 0.23751 | HQV1: 0.22123 | HQW1: 0.21562 | HQX1: 0.2051 | HQY1: 0.20484 | HQZ1: 0.20837 | HRA1: 0.20599 | HRB1: 0.20611 | HRC1: 0.20519 | HRD1: 0.21512 | HRE1: 0.22833 | HRF1: 0.24855 | HRG1: 0.24554 | HRH1: 0.23624 | HRI1: 0.21643 | HRJ1: 0.20442 | HRK1: 0.19865 | HRL1: 0.19479 | HRM1: 0.19723 | HRN1: 0.20184 | HRO1: 0.20723 | HRP1: 0.22648 | HRQ1: 0.25138 | HRR1: 0.369 | HRS1: 0.32566 | HRT1: 0.2455 | HRU1: 0.22784 | HRV1: 0.21744 | HRW1: 0.2132 | HRX1: 0.2067 | HRY1: 0.20516 | HRZ1: 0.20687 | HSA1: 0.20984 | HSB1: 0.21628 | HSC1: 0.25081 | HSD1: 0.26466 | HSE1: 0.24755 | HSF1: 0.22958 | HSG1: 0.21248 | HSH1: 0.20362 | HSI1: 0.1984 | HSJ1: 0.19629 | HSK1: 0.19773 | HSL1: 0.20027 | HSM1: 0.20481 | HSN1: 0.23753 | HSO1: 0.41361 | HSP1: 0.76997 | HSQ1: 0.63392 | HSR1: 0.33057 | HSS1: 0.2468 | HST1: 0.23116 | HSU1: 0.22177 | HSV1: 0.21462 | HSW1: 0.21263 | HSX1: 0.21358 | HSY1: 0.21266 | HSZ1: 0.22297 | HTA1: 0.25762 | HTB1: 0.29476 | HTC1: 0.26949 | HTD1: 0.23889 | HTE1: 0.22081 | HTF1: 0.20966 | HTG1: 0.2056 | HTH1: 0.20409 | HTI1: 0.2028 | HTJ1: 0.20632 | HTK1: 0.21545 | HTL1: 0.23757 | HTM1: 0.2693 | HTN1: 0.43367 | HTO1: 0.30283 | HTP1: 0.24402 | HTQ1: 0.22219 | HTR1: 0.21318 | HTS1: 0.21487 | HTT1: 0.2082 | HTU1: 0.2036 | HTV1: 0.20071 | HTW1: 0.19452 | HTX1: 0.1983 | HTY1: 0.22265 | HTZ1: 0.2272 | HUA1: 0.23264 | HUB1: 0.21128 | HUC1: 0.18464 | HUD1: 0.11371 | HUE1: 0.11055 | HUF1: 0.1019 | HUG1: 0.09392 | HUH1: 0.10658 | HUI1: 0.11359 | HUJ1: 0.14973 | HUK1: 0.19855 | HUL1: 0.21334 | HUM1: 0.20653 | HUN1: 0.1937 | HUO1: 0.19363 | HUP1: 0.17821 | HUQ1: 0.17839 | HUR1: 0.1746 | HUS1: 0.16482 | HUT1: 0.16218 | HUU1: 0.17135 | HUV1: 0.18346 | HUW1: 0.20689 | HUX1: 0.23308 | HUY1: 0.23397 | HUZ1: 0.21369 | HVA1: 0.1936 | HVB1: 0.17311 | HVC1: 0.14514 | HVD1: 0.12608 | HVE1: 0.12813 | HVF1: 0.14366 | HVG1: 0.18478 | HVH1: 0.20116 | HVI1: 0.21387 | HVJ1: 0.2426 | HVK1: 0.25009 | HVL1: 0.21336 | HVM1: 0.20896 | HVN1: 0.20648 | HVO1: 0.21607 | HVP1: 0.2105 | HVQ1: 0.2099 | HVR1: 0.20891 | HVS1: 0.21189 | HVT1: 0.21462 | HVU1: 0.21748 | HVV1: 0.21831 | HVW1: 0.20904 | HVX1: 0.19779 | HVY1: 0.16512 | HVZ1: 0.12777 | HWA1: 0.11908 | HWB1: 0.11462 | HWC1: 0.11404 | HWD1: 0.12201 | HWE1: 0.16322 | HWF1: 0.215 | HWG1: 0.24217 | HWH1: 0.264 | HWI1: 0.2466 | HWJ1: 0.2155 | HWK1: 0.20592 | HWL1: 0.20284 | HWM1: 0.20751 | HWN1: 0.20006 | HWO1: 0.19728 | HWP1: 0.1956 | HWQ1: 0.19599 | HWR1: 0.1987 | HWS1: 0.19696 | HWT1: 0.19567 | HWU1: 0.19033 | HWV1: 0.15418 | HWW1: 0.12189 | HWX1: 0.11404 | HWY1: 0.11364 | HWZ1: 0.11361 | HXA1: 0.11476 | HXB1: 0.11677 | HXC1: 0.17222 | HXD1: 0.20959 | HXE1: 0.23315 | HXF1: 0.23775 | HXG1: 0.24172 | HXH1: 0.2308 | HXI1: 0.2194 | HXJ1: 0.21073 | HXK1: 0.20001 | HXL1: 0.19936 | HXM1: 0.1977 | HXN1: 0.19563 | HXO1: 0.19871 | HXP1: 0.19939 | HXQ1: 0.23207 | HXR1: 0.25422 | HXS1: 0.27317 | HXT1: 0.24328 | HXU1: 0.22447 | HXV1: 0.21434 | HXW1: 0.20858 | HXX1: 0.20277 | HXY1: 0.19566 | HXZ1: 0.19758 | HYA1: 0.19228 | HYB1: 0.2064 | HYC1: 0.22675 | HYD1: 0.22816 | HYE1: 0.22513 | HYF1: 0.20962 | HYG1: 0.20154 | HYH1: 0.19312 | HYI1: 0.18094 | HYJ1: 0.17339 | HYK1: 0.17507 | HYL1: 0.17496 | HYM1: 0.1809 | HYN1: 0.19452 | HYO1: 0.21672 | HYP1: 0.2435 | HYQ1: 0.22854 | HYR1: 0.2136 | HYS1: 0.17352 | HYT1: 0.12312 | HYU1: 0.11364 | HYV1: 0.11353 | HYW1: 0.11344 | HYX1: 0.11356 | HYY1: 0.11382 | HYZ1: 0.13537 | HZA1: 0.194 | HZB1: 0.20651 | HZC1: 0.19685 | HZD1: 0.19562 | HZE1: 0.19023 | HZF1: 0.17798 | HZG1: 0.1536 | HZH1: 0.15351 | HZI1: 0.14659 | HZJ1: 0.14733 | HZK1: 0.15253 | HZL1: 0.17516 | HZM1: 0.20039 | HZN1: 0.21115 | HZO1: 0.22432 | HZP1: 0.2112 | HZQ1: 0.19041 | HZR1: 0.18111 | HZS1: 0.17605 | HZT1: 0.17745 | HZU1: 0.1826 | HZV1: 0.18265 | HZW1: 0.19035 | HZX1: 0.21499 | HZY1: 0.22874 | HZZ1: 0.25646 | IAA1: 0.25196 | IAB1: 0.22874 | IAC1: 0.21657 | IAD1: 0.21509 | IAE1: 0.20366 | IAF1: 0.1977 | IAG1: 0.19753 | IAH1: 0.19705 | IAI1: 0.19862 | IAJ1: 0.20052 | IAK1: 0.22156 | IAL1: 0.24854 | IAM1: 0.24954 | IAN1: 0.21696 | IAO1: 0.1986 | IAP1: 0.19401 | IAQ1: 0.19222 | IAR1: 0.19183 | IAS1: 0.19371 | IAT1: 0.19853 | IAU1: 0.20527 | IAV1: 0.22334 | IAW1: 0.25879 | IAX1: 0.41361 | IAY1: 0.36362 | IAZ1: 0.2386 | IBA1: 0.21307 | IBB1: 0.20564 | IBC1: 0.21357 | IBD1: 0.20512 | IBE1: 0.20091 | IBF1: 0.20036 | IBG1: 0.19823 | IBH1: 0.20152 | IBI1: 0.21409 | IBJ1: 0.23356 | IBK1: 0.24584 | IBL1: 0.22984 | IBM1: 0.21614 | IBN1: 0.20859 | IBO1: 0.20215 | IBP1: 0.1911 | IBQ1: 0.18056 | IBR1: 0.1858 | IBS1: 0.1879 | IBT1: 0.19345 | IBU1: 0.21007 | IBV1: 0.2136 | IBW1: 0.20785 | IBX1: 0.19817 | IBY1: 0.1929 | IBZ1: 0.17459 | ICA1: 0.16921 | ICB1: 0.16361 | ICC1: 0.15693 | ICD1: 0.15878 | ICE1: 0.1603 | ICF1: 0.15787 | ICG1: 0.16895 | ICH1: 0.1786 | ICI1: 0.18914 | ICJ1: 0.1802 | ICK1: 0.15462 | ICL1: 0.12168 | ICM1: 0.11446 | ICN1: 0.11354 | ICO1: 0.11314 | ICP1: 0.11353 | ICQ1: 0.12314 | ICR1: 0.17869 | ICS1: 0.20799 | ICT1: 0.24018 | ICU1: 0.23145 | ICV1: 0.21669 | ICW1: 0.20735 | ICX1: 0.19836 | ICY1: 0.19171 | ICZ1: 0.18367 | IDA1: 0.1802 | IDB1: 0.18075 | IDC1: 0.17726 | IDD1: 0.17921 | IDE1: 0.18278 | IDF1: 0.19902 | IDG1: 0.19056 | IDH1: 0.16767 | IDI1: 0.12452 | IDJ1: 0.11367 | IDK1: 0.1136 | IDL1: 0.11359 | IDM1: 0.11319 | IDN1: 0.11333 | IDO1: 0.1333 | IDP1: 0.19585 | IDQ1: 0.2264 | IDR1: 0.24676 | IDS1: 0.2372 | IDT1: 0.22628 | IDU1: 0.22071 | IDV1: 0.2062 | IDW1: 0.20659 | IDX1: 0.20174 | IDY1: 0.20086 | IDZ1: 0.19853 | IEA1: 0.19794 | IEB1: 0.20191 | IEC1: 0.22457 | IED1: 0.2436 | IEE1: 0.25966 | IEF1: 0.24 | IEG1: 0.22623 | IEH1: 0.21862 | IEI1: 0.20962 | IEJ1: 0.20049 | IEK1: 0.19446 | IEL1: 0.18897 | IEM1: 0.1899 | IEN1: 0.20058 | IEO1: 0.22147 | IEP1: 0.22617 | IEQ1: 0.22261 | IER1: 0.2037 | IES1: 0.19241 | IET1: 0.19513 | IEU1: 0.19914 | IEV1: 0.1959 | IEW1: 0.19411 | IEX1: 0.19344 | IEY1: 0.19364 | IEZ1: 0.20512 | IFA1: 0.22192 | IFB1: 0.24754 | IFC1: 0.25112 | IFD1: 0.22251 | IFE1: 0.21012 | IFF1: 0.19599 | IFG1: 0.17341 | IFH1: 0.15537 | IFI1: 0.13924 | IFJ1: 0.15804 | IFK1: 0.18789 | IFL1: 0.2071 | IFM1: 0.22659 | IFN1: 0.24613 | IFO1: 0.22484 | IFP1: 0.20972 | IFQ1: 0.20354 | IFR1: 0.19744 | IFS1: 0.19876 | IFT1: 0.19454 | IFU1: 0.19731 | IFV1: 0.19727 | IFW1: 0.19611 | IFX1: 0.20352 | IFY1: 0.21869 | IFZ1: 0.25552 | IGA1: 0.24667 | IGB1: 0.21604 | IGC1: 0.1926 | IGD1: 0.16892 | IGE1: 0.11909 | IGF1: 0.1136 | IGG1: 0.11351 | IGH1: 0.11464 | IGI1: 0.15365 | IGJ1: 0.20112 | IGK1: 0.22751 | IGL1: 0.24352 | IGM1: 0.2218 | IGN1: 0.20685 | IGO1: 0.20352 | IGP1: 0.19309 | IGQ1: 0.19 | IGR1: 0.19113 | IGS1: 0.19163 | IGT1: 0.19095 | IGU1: 0.19286 | IGV1: 0.20359 | IGW1: 0.22707 | IGX1: 0.25684 | IGY1: 0.23772 | IGZ1: 0.21124 | IHA1: 0.18841 | IHB1: 0.16401 | IHC1: 0.11857 | IHD1: 0.11354 | IHE1: 0.11351 | IHF1: 0.12451 | IHG1: 0.17215 | IHH1: 0.20465 | IHI1: 0.22813 | IHJ1: 0.2479 | IHK1: 0.2271 | IHL1: 0.2047 | IHM1: 0.20257 | IHN1: 0.19247 | IHO1: 0.18621 | IHP1: 0.18764 | IHQ1: 0.18702 | IHR1: 0.18677 | IHS1: 0.18812 | IHT1: 0.20269 | IHU1: 0.22166 | IHV1: 0.25505 | IHW1: 0.2222 | IHX1: 0.20252 | IHY1: 0.17565 | IHZ1: 0.13829 | IIA1: 0.12184 | IIB1: 0.11359 | IIC1: 0.11367 | IID1: 0.12116 | IIE1: 0.15728 | IIF1: 0.19772 | IIG1: 0.21961 | IIH1: 0.25932 | III1: 0.22244 | IIJ1: 0.20467 | IIK1: 0.2014 | IIL1: 0.20068 | IIM1: 0.20189 | IIN1: 0.1989 | IIO1: 0.1956 | IIP1: 0.19579 | IIQ1: 0.19998 | IIR1: 0.20308 | IIS1: 0.21329 | IIT1: 0.21136 | IIU1: 0.1989 | IIV1: 0.17459 | IIW1: 0.1356 | IIX1: 0.11675 | IIY1: 0.1136 | IIZ1: 0.11024 | IJA1: 0.10965 | IJB1: 0.11469 | IJC1: 0.16086 | IJD1: 0.21079 | IJE1: 0.2411 | IJF1: 0.25559 | IJG1: 0.2261 | IJH1: 0.20953 | IJI1: 0.2072 | IJJ1: 0.2019 | IJK1: 0.21133 | IJL1: 0.20365 | IJM1: 0.20359 | IJN1: 0.2031 | IJO1: 0.20435 | IJP1: 0.20425 | IJQ1: 0.20848 | IJR1: 0.21091 | IJS1: 0.20008 | IJT1: 0.17639 | IJU1: 0.13977 | IJV1: 0.12473 | IJW1: 0.12129 | IJX1: 0.11352 | IJY1: 0.11361 | IJZ1: 0.12326 | IKA1: 0.1752 | IKB1: 0.21987 | IKC1: 0.24583 | IKD1: 0.27078 | IKE1: 0.23971 | IKF1: 0.22314 | IKG1: 0.21232 | IKH1: 0.2056 | IKI1: 0.2044 | IKJ1: 0.19768 | IKK1: 0.1988 | IKL1: 0.20075 | IKM1: 0.20053 | IKN1: 0.2109 | IKO1: 0.247 | IKP1: 0.31733 | IKQ1: 0.26493 | IKR1: 0.22359 | IKS1: 0.20826 | IKT1: 0.19376 | IKU1: 0.19254 | IKV1: 0.19015 | IKW1: 0.19037 | IKX1: 0.19458 | IKY1: 0.21585 | IKZ1: 0.24961 | ILA1: 0.35386 | ILB1: 0.44199 | ILC1: 0.29224 | ILD1: 0.23031 | ILE1: 0.21453 | ILF1: 0.20514 | ILG1: 0.2018 | ILH1: 0.19611 | ILI1: 0.19729 | ILJ1: 0.19862 | ILK1: 0.19686 | ILL1: 0.20189 | ILM1: 0.22435 | ILN1: 0.25556 | ILO1: 0.241 | ILP1: 0.21962 | ILQ1: 0.20621 | ILR1: 0.19747 | ILS1: 0.18935 | ILT1: 0.18259 | ILU1: 0.17519 | ILV1: 0.18854 | ILW1: 0.19687 | ILX1: 0.21764 | ILY1: 0.23265 | ILZ1: 0.23773 | IMA1: 0.2153 | IMB1: 0.19404 | IMC1: 0.18808 | IMD1: 0.17418 | IME1: 0.16508 | IMF1: 0.15578 | IMG1: 0.1528 | IMH1: 0.15305 | IMI1: 0.16837 | IMJ1: 0.17755 | IMK1: 0.19194 | IML1: 0.19737 | IMM1: 0.20175 | IMN1: 0.18392 | IMO1: 0.16306 | IMP1: 0.13884 | IMQ1: 0.1327 | IMR1: 0.13238 | IMS1: 0.16913 | IMT1: 0.18583 | IMU1: 0.20329 | IMV1: 0.22145 | IMW1: 0.2698 | IMX1: 0.30902 | IMY1: 0.24544 | IMZ1: 0.21021 | INA1: 0.20524 | INB1: 0.19582 | INC1: 0.17962 | IND1: 0.17238 | INE1: 0.16594 | INF1: 0.16347 | ING1: 0.15913 | INH1: 0.16331 | INI1: 0.18563 | INJ1: 0.1988 | INK1: 0.197 | INL1: 0.18093 | INM1: 0.16283 | INN1: 0.14522 | INO1: 0.1306 | INP1: 0.12568 | INQ1: 0.12628 | INR1: 0.1515 | INS1: 0.16851 | INT1: 0.18725 | INU1: 0.1936 | INV1: 0.2026 | INW1: 0.19253 | INX1: 0.17644 | INY1: 0.16732 | INZ1: 0.1499 | IOA1: 0.11354 | IOB1: 0.11364 | IOC1: 0.11359 | IOD1: 0.11301 | IOE1: 0.1134 | IOF1: 0.11357 | IOG1: 0.1136 | IOH1: 0.13952 | IOI1: 0.15352 | IOJ1: 0.11913 | IOK1: 0.11351 | IOL1: 0.10985 | IOM1: 0.10804 | ION1: 0.10728 | IOO1: 0.10855 | IOP1: 0.11349 | IOQ1: 0.1136 | IOR1: 0.15143 | IOS1: 0.17615 | IOT1: 0.17407 | IOU1: 0.17317 | IOV1: 0.14669 | IOW1: 0.13963 | IOX1: 0.1386 | IOY1: 0.11537 | IOZ1: 0.11663 | IPA1: 0.11689 | IPB1: 0.11676 | IPC1: 0.11687 | IPD1: 0.11775 | IPE1: 0.12556 | IPF1: 0.13588 | IPG1: 0.13981 | IPH1: 0.13251 | IPI1: 0.12335 | IPJ1: 0.11738 | IPK1: 0.11425 | IPL1: 0.1136 | IPM1: 0.1136 | IPN1: 0.11366 | IPO1: 0.12342 | IPP1: 0.17683 | IPQ1: 0.19388 | IPR1: 0.21368 | IPS1: 0.20991 | IPT1: 0.1943 | IPU1: 0.19388 | IPV1: 0.18833 | IPW1: 0.17426 | IPX1: 0.1591 | IPY1: 0.15776 | IPZ1: 0.15695 | IQA1: 0.17134 | IQB1: 0.18723 | IQC1: 0.1906 | IQD1: 0.2116 | IQE1: 0.21048 | IQF1: 0.16803 | IQG1: 0.11493 | IQH1: 0.1136 | IQI1: 0.11359 | IQJ1: 0.1131 | IQK1: 0.11315 | IQL1: 0.1136 | IQM1: 0.15684 | IQN1: 0.20761 | IQO1: 0.26619 | IQP1: 0.28092 | IQQ1: 0.22321 | IQR1: 0.19373 | IQS1: 0.1779 | IQT1: 0.15099 | IQU1: 0.1326 | IQV1: 0.12505 | IQW1: 0.122 | IQX1: 0.11913 | IQY1: 0.11921 | IQZ1: 0.13058 | IRA1: 0.15924 | IRB1: 0.20402 | IRC1: 0.20715 | IRD1: 0.18206 | IRE1: 0.15801 | IRF1: 0.13451 | IRG1: 0.12288 | IRH1: 0.11566 | IRI1: 0.12123 | IRJ1: 0.13556 | IRK1: 0.14873 | IRL1: 0.1782 | IRM1: 0.18396 | IRN1: 0.17784 | IRO1: 0.15595 | IRP1: 0.13553 | IRQ1: 0.13361 | IRR1: 0.12344 | IRS1: 0.11681 | IRT1: 0.11367 | IRU1: 0.11365 | IRV1: 0.11362 | IRW1: 0.11369 | IRX1: 0.1204 | IRY1: 0.17756 | IRZ1: 0.21695 | ISA1: 0.22858 | ISB1: 0.21401 | ISC1: 0.19008 | ISD1: 0.18181 | ISE1: 0.1722 | ISF1: 0.16926 | ISG1: 0.17011 | ISH1: 0.17578 | ISI1: 0.21254 | ISJ1: 0.22318 | ISK1: 0.2475 | ISL1: 0.25011 | ISM1: 0.23214 | ISN1: 0.2059 | ISO1: 0.20505 | ISP1: 0.18984 | ISQ1: 0.19904 | ISR1: 0.19448 | ISS1: 0.19069 | IST1: 0.18853 | ISU1: 0.19074 | ISV1: 0.1947 | ISW1: 0.21013 | ISX1: 0.23243 | ISY1: 0.2493 | ISZ1: 0.23119 | ITA1: 0.21681 | ITB1: 0.21012 | ITC1: 0.20405 | ITD1: 0.20004 | ITE1: 0.19247 | ITF1: 0.19567 | ITG1: 0.19511 | ITH1: 0.2137 | ITI1: 0.23061 | ITJ1: 0.24367 | ITK1: 0.22797 | ITL1: 0.21014 | ITM1: 0.2069 | ITN1: 0.1986 | ITO1: 0.18093 | ITP1: 0.17946 | ITQ1: 0.17874 | ITR1: 0.17778 | ITS1: 0.17758 | ITT1: 0.178 | ITU1: 0.17903 | ITV1: 0.18697 | ITW1: 0.19027 | ITX1: 0.1865 | ITY1: 0.18288 | ITZ1: 0.17664 | IUA1: 0.16069 | IUB1: 0.14758 | IUC1: 0.15274 | IUD1: 0.16496 | IUE1: 0.17964 | IUF1: 0.2033 | IUG1: 0.22367 | IUH1: 0.22892 | IUI1: 0.22188 | IUJ1: 0.21236 | IUK1: 0.20456 | IUL1: 0.19506 | IUM1: 0.1875 | IUN1: 0.18612 | IUO1: 0.1857 | IUP1: 0.1856 | IUQ1: 0.18593 | IUR1: 0.1907 | IUS1: 0.2166 | IUT1: 0.24014 | IUU1: 0.25502 | IUV1: 0.22987 | IUW1: 0.21369 | IUX1: 0.1986 | IUY1: 0.18867 | IUZ1: 0.18709 | IVA1: 0.18942 | IVB1: 0.19267 | IVC1: 0.2034 | IVD1: 0.2207 | IVE1: 0.24557 | IVF1: 0.26262 | IVG1: 0.2373 | IVH1: 0.2135 | IVI1: 0.2135 | IVJ1: 0.2036 | IVK1: 0.2067 | IVL1: 0.19824 | IVM1: 0.195 | IVN1: 0.18914 | IVO1: 0.18932 | IVP1: 0.19342 | IVQ1: 0.1998 | IVR1: 0.214 | IVS1: 0.22422 | IVT1: 0.2166 | IVU1: 0.19602 | IVV1: 0.18187 | IVW1: 0.16504 | IVX1: 0.15248 | IVY1: 0.15709 | IVZ1: 0.17652 | IWA1: 0.19072 | IWB1: 0.21308 | IWC1: 0.26225 | IWD1: 0.25688 | IWE1: 0.22083 | IWF1: 0.21016 | IWG1: 0.19883 | IWH1: 0.1806 | IWI1: 0.18064 | IWJ1: 0.17757 | IWK1: 0.17643 | IWL1: 0.17695 | IWM1: 0.17631 | IWN1: 0.17757 | IWO1: 0.17701 | IWP1: 0.18641 | IWQ1: 0.1908 | IWR1: 0.17966 | IWS1: 0.14888 | IWT1: 0.13028 | IWU1: 0.11885 | IWV1: 0.11359 | IWW1: 0.11359 | IWX1: 0.1138 | IWY1: 0.1732 | IWZ1: 0.20454 | IXA1: 0.2199 | IXB1: 0.21082 | IXC1: 0.18658 | IXD1: 0.17297 | IXE1: 0.17229 | IXF1: 0.16531 | IXG1: 0.14818 | IXH1: 0.14894 | IXI1: 0.14685 | IXJ1: 0.14375 | IXK1: 0.14969 | IXL1: 0.16033 | IXM1: 0.18119 | IXN1: 0.21452 | IXO1: 0.22192 | IXP1: 0.20546 | IXQ1: 0.17969 | IXR1: 0.17382 | IXS1: 0.16771 | IXT1: 0.15689 | IXU1: 0.1686 | IXV1: 0.18061 | IXW1: 0.2115 | IXX1: 0.23431 | IXY1: 0.35125 | IXZ1: 0.34313 | IYA1: 0.23558 | IYB1: 0.21353 | IYC1: 0.20551 | IYD1: 0.19272 | IYE1: 0.18593 | IYF1: 0.18067 | IYG1: 0.17759 | IYH1: 0.17327 | IYI1: 0.17329 | IYJ1: 0.18103 | IYK1: 0.19957 | IYL1: 0.22397 | IYM1: 0.21984 | IYN1: 0.1986 | IYO1: 0.19393 | IYP1: 0.1941 | IYQ1: 0.1896 | IYR1: 0.19613 | IYS1: 0.20199 | IYT1: 0.20368 | IYU1: 0.21479 | IYV1: 0.23994 | IYW1: 0.27037 | IYX1: 0.2818 | IYY1: 0.22801 | IYZ1: 0.2085 | IZA1: 0.2002 | IZB1: 0.1812 | IZC1: 0.17553 | IZD1: 0.1736 | IZE1: 0.17108 | IZF1: 0.16792 | IZG1: 0.17092 | IZH1: 0.17747 | IZI1: 0.2003 | IZJ1: 0.22479 | IZK1: 0.22458 | IZL1: 0.2006 | IZM1: 0.18569 | IZN1: 0.1735 | IZO1: 0.1734 | IZP1: 0.17345 | IZQ1: 0.18123 | IZR1: 0.19077 | IZS1: 0.2086 | IZT1: 0.23105 | IZU1: 0.23613 | IZV1: 0.24072 | IZW1: 0.22465 | IZX1: 0.2094 | IZY1: 0.2087 | IZZ1: 0.19594 | JAA1: 0.17479 | JAB1: 0.16049 | JAC1: 0.15135 | JAD1: 0.1456 | JAE1: 0.14324 | JAF1: 0.1532 | JAG1: 0.1757 | JAH1: 0.1985 | JAI1: 0.19406 | JAJ1: 0.1811 | JAK1: 0.16561 | JAL1: 0.15253 | JAM1: 0.13549 | JAN1: 0.12954 | JAO1: 0.13361 | JAP1: 0.15197 | JAQ1: 0.1721 | JAR1: 0.19942 | JAS1: 0.20967 | JAT1: 0.23292 | JAU1: 0.21479 | JAV1: 0.20401 | JAW1: 0.19676 | JAX1: 0.18353 | JAY1: 0.19356 | JAZ1: 0.18681 | JBA1: 0.1853 | JBB1: 0.18151 | JBC1: 0.18316 | JBD1: 0.18699 | JBE1: 0.21355 | JBF1: 0.25401 | JBG1: 0.26909 | JBH1: 0.22361 | JBI1: 0.2036 | JBJ1: 0.18595 | JBK1: 0.17525 | JBL1: 0.17077 | JBM1: 0.17316 | JBN1: 0.18056 | JBO1: 0.18695 | JBP1: 0.22638 | JBQ1: 0.28146 | JBR1: 0.28784 | JBS1: 0.23491 | JBT1: 0.21339 | JBU1: 0.21201 | JBV1: 0.20143 | JBW1: 0.20369 | JBX1: 0.19302 | JBY1: 0.18918 | JBZ1: 0.18862 | JCA1: 0.18552 | JCB1: 0.1815 | JCC1: 0.18523 | JCD1: 0.18233 | JCE1: 0.18251 | JCF1: 0.15542 | JCG1: 0.1489 | JCH1: 0.14788 | JCI1: 0.13839 | JCJ1: 0.12793 | JCK1: 0.13694 | JCL1: 0.15995 | JCM1: 0.17678 | JCN1: 0.18962 | JCO1: 0.19446 | JCP1: 0.19122 | JCQ1: 0.17379 | JCR1: 0.15902 | JCS1: 0.14847 | JCT1: 0.13897 | JCU1: 0.1136 | JCV1: 0.11359 | JCW1: 0.11353 | JCX1: 0.11323 | JCY1: 0.11309 | JCZ1: 0.11351 | JDA1: 0.1133 | JDB1: 0.11356 | JDC1: 0.11353 | JDD1: 0.11274 | JDE1: 0.11296 | JDF1: 0.11163 | JDG1: 0.10611 | JDH1: 0.09844 | JDI1: 0.09791 | JDJ1: 0.10859 | JDK1: 0.11161 | JDL1: 0.11366 | JDM1: 0.14943 | JDN1: 0.16765 | JDO1: 0.15311 | JDP1: 0.15203 | JDQ1: 0.15373 | JDR1: 0.15041 | JDS1: 0.1507 | JDT1: 0.14885 | JDU1: 0.14877 | JDV1: 0.14796 | JDW1: 0.15293 | JDX1: 0.1758 | JDY1: 0.21234 | JDZ1: 0.24649 | JEA1: 0.26721 | JEB1: 0.23154 | JEC1: 0.21455 | JED1: 0.20913 | JEE1: 0.20196 | JEF1: 0.1962 | JEG1: 0.18776 | JEH1: 0.20068 | JEI1: 0.21939 | JEJ1: 0.27319 | JEK1: 0.3707 | JEL1: 0.38334 | JEM1: 0.2716 | JEN1: 0.22772 | JEO1: 0.21326 | JEP1: 0.2084 | JEQ1: 0.20483 | JER1: 0.20009 | JES1: 0.20195 | JET1: 0.19764 | JEU1: 0.1944 | JEV1: 0.20311 | JEW1: 0.22813 | JEX1: 0.29899 | JEY1: 0.29021 | JEZ1: 0.22414 | JFA1: 0.20635 | JFB1: 0.19665 | JFC1: 0.19207 | JFD1: 0.18535 | JFE1: 0.1895 | JFF1: 0.19696 | JFG1: 0.20263 | JFH1: 0.23429 | JFI1: 0.25039 | JFJ1: 0.21091 | JFK1: 0.18986 | JFL1: 0.18025 | JFM1: 0.17325 | JFN1: 0.15438 | JFO1: 0.13695 | JFP1: 0.1264 | JFQ1: 0.1189 | JFR1: 0.11721 | JFS1: 0.11676 | JFT1: 0.1218 | JFU1: 0.15619 | JFV1: 0.18089 | JFW1: 0.18012 | JFX1: 0.16789 | JFY1: 0.14028 | JFZ1: 0.12776 | JGA1: 0.11769 | JGB1: 0.11564 | JGC1: 0.1176 | JGD1: 0.12778 | JGE1: 0.16852 | JGF1: 0.18655 | JGG1: 0.19807 | JGH1: 0.20198 | JGI1: 0.17891 | JGJ1: 0.17546 | JGK1: 0.14874 | JGL1: 0.14014 | JGM1: 0.13064 | JGN1: 0.12575 | JGO1: 0.12408 | JGP1: 0.11921 | JGQ1: 0.12361 | JGR1: 0.1434 | JGS1: 0.18411 | JGT1: 0.21499 | JGU1: 0.20613 | JGV1: 0.18736 | JGW1: 0.17582 | JGX1: 0.16562 | JGY1: 0.16014 | JGZ1: 0.16112 | JHA1: 0.17364 | JHB1: 0.17715 | JHC1: 0.20628 | JHD1: 0.2372 | JHE1: 0.29981 | JHF1: 0.28579 | JHG1: 0.2311 | JHH1: 0.21141 | JHI1: 0.20265 | JHJ1: 0.19581 | JHK1: 0.19455 | JHL1: 0.19476 | JHM1: 0.19633 | JHN1: 0.19244 | JHO1: 0.19479 | JHP1: 0.19794 | JHQ1: 0.21249 | JHR1: 0.26338 | JHS1: 0.26984 | JHT1: 0.2246 | JHU1: 0.20936 | JHV1: 0.1989 | JHW1: 0.19656 | JHX1: 0.1938 | JHY1: 0.19479 | JHZ1: 0.19794 | JIA1: 0.21689 | JIB1: 0.24727 | JIC1: 0.29488 | JID1: 0.25618 | JIE1: 0.21685 | JIF1: 0.21043 | JIG1: 0.20686 | JIH1: 0.19914 | JII1: 0.20066 | JIJ1: 0.19663 | JIK1: 0.19351 | JIL1: 0.18886 | JIM1: 0.18947 | JIN1: 0.19037 | JIO1: 0.1936 | JIP1: 0.20551 | JIQ1: 0.20326 | JIR1: 0.1982 | JIS1: 0.1924 | JIT1: 0.18692 | JIU1: 0.17976 | JIV1: 0.17456 | JIW1: 0.17749 | JIX1: 0.19267 | JIY1: 0.21169 | JIZ1: 0.22274 | JJA1: 0.24942 | JJB1: 0.23253 | JJC1: 0.2104 | JJD1: 0.20378 | JJE1: 0.19743 | JJF1: 0.18693 | JJG1: 0.16917 | JJH1: 0.1685 | JJI1: 0.17083 | JJJ1: 0.17342 | JJK1: 0.17652 | JJL1: 0.18051 | JJM1: 0.17783 | JJN1: 0.18892 | JJO1: 0.18188 | JJP1: 0.15935 | JJQ1: 0.11997 | JJR1: 0.11368 | JJS1: 0.1136 | JJT1: 0.11262 | JJU1: 0.11159 | JJV1: 0.1136 | JJW1: 0.1187 | JJX1: 0.17129 | JJY1: 0.1743 | JJZ1: 0.15868 | JKA1: 0.14795 | JKB1: 0.13455 | JKC1: 0.12575 | JKD1: 0.11553 | JKE1: 0.1135 | JKF1: 0.1135 | JKG1: 0.11346 | JKH1: 0.11352 | JKI1: 0.11356 | JKJ1: 0.11705 | JKK1: 0.1802 | JKL1: 0.21858 | JKM1: 0.23399 | JKN1: 0.2175 | JKO1: 0.20264 | JKP1: 0.19463 | JKQ1: 0.18679 | JKR1: 0.19496 | JKS1: 0.19525 | JKT1: 0.21219 | JKU1: 0.2371 | JKV1: 0.24514 | JKW1: 0.33571 | JKX1: 0.30447 | JKY1: 0.24204 | JKZ1: 0.2156 | JLA1: 0.2114 | JLB1: 0.20657 | JLC1: 0.20527 | JLD1: 0.20303 | JLE1: 0.19929 | JLF1: 0.1972 | JLG1: 0.19679 | JLH1: 0.20355 | JLI1: 0.21418 | JLJ1: 0.26969 | JLK1: 0.28372 | JLL1: 0.22704 | JLM1: 0.21282 | JLN1: 0.20135 | JLO1: 0.19071 | JLP1: 0.18448 | JLQ1: 0.18713 | JLR1: 0.20068 | JLS1: 0.22105 | JLT1: 0.22357 | JLU1: 0.25396 | JLV1: 0.27135 | JLW1: 0.22762 | JLX1: 0.213 | JLY1: 0.20932 | JLZ1: 0.20195 | JMA1: 0.19443 | JMB1: 0.19683 | JMC1: 0.19562 | JMD1: 0.19681 | JME1: 0.1994 | JMF1: 0.2072 | JMG1: 0.22179 | JMH1: 0.28639 | JMI1: 0.29673 | JMJ1: 0.24202 | JMK1: 0.2177 | JML1: 0.20746 | JMM1: 0.19922 | JMN1: 0.19459 | JMO1: 0.19257 | JMP1: 0.20222 | JMQ1: 0.2155 | JMR1: 0.26075 | JMS1: 0.33178 | JMT1: 0.2912 | JMU1: 0.22531 | JMV1: 0.21511 | JMW1: 0.21693 | JMX1: 0.20676 | JMY1: 0.20535 | JMZ1: 0.19602 | JNA1: 0.19427 | JNB1: 0.19389 | JNC1: 0.19405 | JND1: 0.19742 | JNE1: 0.21681 | JNF1: 0.26189 | JNG1: 0.28487 | JNH1: 0.2309 | JNI1: 0.21551 | JNJ1: 0.20665 | JNK1: 0.19756 | JNL1: 0.19275 | JNM1: 0.19511 | JNN1: 0.2093 | JNO1: 0.22977 | JNP1: 0.2435 | JNQ1: 0.25513 | JNR1: 0.22779 | JNS1: 0.21021 | JNT1: 0.20724 | JNU1: 0.2035 | JNV1: 0.19721 | JNW1: 0.1961 | JNX1: 0.19567 | JNY1: 0.19329 | JNZ1: 0.1962 | JOA1: 0.19807 | JOB1: 0.20819 | JOC1: 0.22254 | JOD1: 0.23735 | JOE1: 0.26419 | JOF1: 0.23603 | JOG1: 0.22175 | JOH1: 0.2075 | JOI1: 0.19468 | JOJ1: 0.19178 | JOK1: 0.19607 | JOL1: 0.21293 | JOM1: 0.23163 | JON1: 0.27233 | JOO1: 0.34092 | JOP1: 0.29845 | JOQ1: 0.23746 | JOR1: 0.22989 | JOS1: 0.22756 | JOT1: 0.221 | JOU1: 0.22889 | JOV1: 0.22324 | JOW1: 0.22055 | JOX1: 0.22139 | JOY1: 0.2193 | JOZ1: 0.22042 | JPA1: 0.22753 | JPB1: 0.23931 | JPC1: 0.2396 | JPD1: 0.23117 | JPE1: 0.21499 | JPF1: 0.19508 | JPG1: 0.18195 | JPH1: 0.1769 | JPI1: 0.17815 | JPJ1: 0.19504 | JPK1: 0.2142 | JPL1: 0.23933 | JPM1: 0.2645 | JPN1: 0.23234 | JPO1: 0.21008 | JPP1: 0.20236 | JPQ1: 0.2011 | JPR1: 0.19023 | JPS1: 0.20582 | JPT1: 0.1976 | JPU1: 0.19583 | JPV1: 0.19403 | JPW1: 0.19301 | JPX1: 0.19239 | JPY1: 0.19874 | JPZ1: 0.20281 | JQA1: 0.20165 | JQB1: 0.19794 | JQC1: 0.18008 | JQD1: 0.16832 | JQE1: 0.1561 | JQF1: 0.15359 | JQG1: 0.1536 | JQH1: 0.17793 | JQI1: 0.22513 | JQJ1: 0.23727 | JQK1: 0.2619 | JQL1: 0.25931 | JQM1: 0.24407 | JQN1: 0.23175 | JQO1: 0.22561 | JQP1: 0.22728 | JQQ1: 0.21659 | JQR1: 0.2092 | JQS1: 0.20797 | JQT1: 0.20234 | JQU1: 0.19769 | JQV1: 0.19986 | JQW1: 0.21353 | JQX1: 0.22352 | JQY1: 0.24361 | JQZ1: 0.24098 | JRA1: 0.22978 | JRB1: 0.21121 | JRC1: 0.21191 | JRD1: 0.20853 | JRE1: 0.21493 | JRF1: 0.22753 | JRG1: 0.23496 | JRH1: 0.2378 | JRI1: 0.25471 | JRJ1: 0.2624 | JRK1: 0.25972 | JRL1: 0.23779 | JRM1: 0.22919 | JRN1: 0.22356 | JRO1: 0.21601 | JRP1: 0.21494 | JRQ1: 0.21364 | JRR1: 0.21243 | JRS1: 0.21177 | JRT1: 0.21362 | JRU1: 0.2267 | JRV1: 0.24098 | JRW1: 0.27133 | JRX1: 0.26492 | JRY1: 0.24329 | JRZ1: 0.2343 | JSA1: 0.22657 | JSB1: 0.21905 | JSC1: 0.23133 | JSD1: 0.24954 | JSE1: 0.28586 | JSF1: 0.32632 | JSG1: 0.3994 | JSH1: 0.37104 | JSI1: 0.31742 | JSJ1: 0.2542 | JSK1: 0.23765 | JSL1: 0.23168 | JSM1: 0.21669 | JSN1: 0.21431 | JSO1: 0.21412 | JSP1: 0.21176 | JSQ1: 0.21165 | JSR1: 0.21416 | JSS1: 0.21992 | JST1: 0.23714 | JSU1: 0.25328 | JSV1: 0.25251 | JSW1: 0.23794 | JSX1: 0.2286 | JSY1: 0.22328 | JSZ1: 0.21613 | JTA1: 0.22055 | JTB1: 0.22491 | JTC1: 0.23976 | JTD1: 0.2736 | JTE1: 0.30748 | JTF1: 0.30649 | JTG1: 0.27304 | JTH1: 0.24716 | JTI1: 0.23627 | JTJ1: 0.22894 | JTK1: 0.22597 | JTL1: 0.21876 | JTM1: 0.21211 | JTN1: 0.21018 | JTO1: 0.20841 | JTP1: 0.21163 | JTQ1: 0.21594 | JTR1: 0.23475 | JTS1: 0.24913 | JTT1: 0.24707 | JTU1: 0.23688 | JTV1: 0.21874 | JTW1: 0.21165 | JTX1: 0.20251 | JTY1: 0.20615 | JTZ1: 0.21298 | JUA1: 0.2251 | JUB1: 0.23677 | JUC1: 0.2426 | JUD1: 0.24201 | JUE1: 0.23144 | JUF1: 0.2194 | JUG1: 0.19894 | JUH1: 0.19404 | JUI1: 0.17816 | JUJ1: 0.17694 | JUK1: 0.17655 | JUL1: 0.1707 | JUM1: 0.16814 | JUN1: 0.17059 | JUO1: 0.17681 | JUP1: 0.18328 | JUQ1: 0.18395 | JUR1: 0.17778 | JUS1: 0.1748 | JUT1: 0.16861 | JUU1: 0.14564 | JUV1: 0.14309 | JUW1: 0.1485 | JUX1: 0.17743 | JUY1: 0.20293 | JUZ1: 0.22958 | JVA1: 0.23347 | JVB1: 0.23157 | JVC1: 0.23119 | JVD1: 0.2268 | JVE1: 0.21824 | JVF1: 0.21201 | JVG1: 0.19924 | JVH1: 0.20935 | JVI1: 0.20491 | JVJ1: 0.20236 | JVK1: 0.1996 | JVL1: 0.20045 | JVM1: 0.20573 | JVN1: 0.21057 | JVO1: 0.21371 | JVP1: 0.21476 | JVQ1: 0.22324 | JVR1: 0.20479 | JVS1: 0.20804 | JVT1: 0.20228 | JVU1: 0.20511 | JVV1: 0.21702 | JVW1: 0.2359 | JVX1: 0.25121 | JVY1: 0.27216 | JVZ1: 0.26352 | JWA1: 0.24856 | JWB1: 0.23639 | JWC1: 0.22486 | JWD1: 0.21988 | JWE1: 0.21421 | JWF1: 0.21479 | JWG1: 0.21023 | JWH1: 0.20265 | JWI1: 0.19869 | JWJ1: 0.20103 | JWK1: 0.2021 | JWL1: 0.20916 | JWM1: 0.21171 | JWN1: 0.20207 | JWO1: 0.19757 | JWP1: 0.18431 | JWQ1: 0.17438 | JWR1: 0.16623 | JWS1: 0.17468 | JWT1: 0.19797 | JWU1: 0.21455 | JWV1: 0.22876 | JWW1: 0.24151 | JWX1: 0.23969 | JWY1: 0.23432 | JWZ1: 0.2244 | JXA1: 0.2156 | JXB1: 0.21429 | JXC1: 0.20813 | JXD1: 0.20564 | JXE1: 0.20356 | JXF1: 0.20367 | JXG1: 0.20346 | JXH1: 0.2044 | JXI1: 0.21212 | JXJ1: 0.23849 | JXK1: 0.25851 | JXL1: 0.25278 | JXM1: 0.23423 | JXN1: 0.2136 | JXO1: 0.21072 | JXP1: 0.20876 | JXQ1: 0.21207 | JXR1: 0.21677 | JXS1: 0.244 | JXT1: 0.29507 | JXU1: 0.40381 | JXV1: 0.35464 | JXW1: 0.27569 | JXX1: 0.2366 | JXY1: 0.22587 | JXZ1: 0.22158 | JYA1: 0.2112 | JYB1: 0.21537 | JYC1: 0.2076 | JYD1: 0.2048 | JYE1: 0.2066 | JYF1: 0.20899 | JYG1: 0.21848 | JYH1: 0.24155 | JYI1: 0.26292 | JYJ1: 0.25275 | JYK1: 0.23183 | JYL1: 0.21947 | JYM1: 0.20888 | JYN1: 0.20852 | JYO1: 0.21285 | JYP1: 0.22395 | JYQ1: 0.26959 | JYR1: 0.44543 | JYS1: 0.61891 | JYT1: 0.58234 | JYU1: 0.4553 | JYV1: 0.28574 | JYW1: 0.24437 | JYX1: 0.23137 | JYY1: 0.22363 | JYZ1: 0.21999 | JZA1: 0.21265 | JZB1: 0.20907 | JZC1: 0.21064 | JZD1: 0.21411 | JZE1: 0.22385 | JZF1: 0.277 | JZG1: 0.41359 | JZH1: 0.35414 | JZI1: 0.25854 | JZJ1: 0.24706 | JZK1: 0.2368 | JZL1: 0.2368 | JZM1: 0.23915 | JZN1: 0.25536 | JZO1: 0.38369 | JZP1: 0.63785 | JZQ1: 0.93371 | JZR1: 0.91868 | JZS1: 0.5636 | JZT1: 0.32095 | JZU1: 0.24708 | JZV1: 0.23295 | JZW1: 0.22533 | JZX1: 0.22314 | JZY1: 0.21658 | JZZ1: 0.21334 | KAA1: 0.21345 | KAB1: 0.21633 | KAC1: 0.23049 | KAD1: 0.27101 | KAE1: 0.33316 | KAF1: 0.30559 | KAG1: 0.26652 | KAH1: 0.2625 | KAI1: 0.24841 | KAJ1: 0.24866 | KAK1: 0.24651 | KAL1: 0.25354 | KAM1: 0.30302 | KAN1: 0.37476 | KAO1: 0.52186 | KAP1: 0.41038 | KAQ1: 0.28871 | KAR1: 0.24301 | KAS1: 0.22752 | KAT1: 0.22537 | KAU1: 0.21347 | KAV1: 0.21317 | KAW1: 0.21333 | KAX1: 0.21157 | KAY1: 0.21129 | KAZ1: 0.21105 | KBA1: 0.21181 | KBB1: 0.22079 | KBC1: 0.24115 | KBD1: 0.24651 | KBE1: 0.24012 | KBF1: 0.23094 | KBG1: 0.22454 | KBH1: 0.21919 | KBI1: 0.22041 | KBJ1: 0.22585 | KBK1: 0.23719 | KBL1: 0.2427 | KBM1: 0.24216 | KBN1: 0.2465 | KBO1: 0.24079 | KBP1: 0.22934 | KBQ1: 0.22308 | KBR1: 0.2266 | KBS1: 0.21766 | KBT1: 0.2187 | KBU1: 0.21356 | KBV1: 0.2116 | KBW1: 0.21028 | KBX1: 0.21201 | KBY1: 0.21429 | KBZ1: 0.21791 | KCA1: 0.22347 | KCB1: 0.2277 | KCC1: 0.2282 | KCD1: 0.22357 | KCE1: 0.22 | KCF1: 0.22048 | KCG1: 0.2216 | KCH1: 0.22378 | KCI1: 0.23506 | KCJ1: 0.25083 | KCK1: 0.26053 | KCL1: 0.2614 | KCM1: 0.2535 | KCN1: 0.24192 | KCO1: 0.23156 | KCP1: 0.22813 | KCQ1: 0.2237 | KCR1: 0.21859 | KCS1: 0.21588 | KCT1: 0.21561 | KCU1: 0.21446 | KCV1: 0.21448 | KCW1: 0.21558 | KCX1: 0.21392 | KCY1: 0.21605 | KCZ1: 0.21898 | KDA1: 0.22459 | KDB1: 0.22622 | KDC1: 0.22373 | KDD1: 0.22452 | KDE1: 0.2222 | KDF1: 0.22596 | KDG1: 0.23982 | KDH1: 0.24762 | KDI1: 0.26232 | KDJ1: 0.25961 | KDK1: 0.25221 | KDL1: 0.23891 | KDM1: 0.22888 | KDN1: 0.2247 | KDO1: 0.22162 | KDP1: 0.22325 | KDQ1: 0.21728 | KDR1: 0.2136 | KDS1: 0.21146 | KDT1: 0.2111 | KDU1: 0.21749 | KDV1: 0.22929 | KDW1: 0.24195 | KDX1: 0.24866 | KDY1: 0.24654 | KDZ1: 0.2421 | KEA1: 0.23781 | KEB1: 0.23344 | KEC1: 0.24262 | KED1: 0.24404 | KEE1: 0.25265 | KEF1: 0.25454 | KEG1: 0.26678 | KEH1: 0.26069 | KEI1: 0.2473 | KEJ1: 0.23554 | KEK1: 0.22648 | KEL1: 0.22516 | KEM1: 0.219 | KEN1: 0.22391 | KEO1: 0.21824 | KEP1: 0.21629 | KEQ1: 0.21759 | KER1: 0.2211 | KES1: 0.23161 | KET1: 0.26127 | KEU1: 0.29912 | KEV1: 0.31524 | KEW1: 0.33693 | KEX1: 0.30384 | KEY1: 0.28468 | KEZ1: 0.27519 | KFA1: 0.27007 | KFB1: 0.28797 | KFC1: 0.33238 | KFD1: 0.38633 | KFE1: 0.43149 | KFF1: 0.33893 | KFG1: 0.28495 | KFH1: 0.26272 | KFI1: 0.2455 | KFJ1: 0.23881 | KFK1: 0.22919 | KFL1: 0.23075 | KFM1: 0.22531 | KFN1: 0.22145 | KFO1: 0.22105 | KFP1: 0.22423 | KFQ1: 0.2326 | KFR1: 0.2447 | KFS1: 0.27838 | KFT1: 0.33905 | KFU1: 0.34103 | KFV1: 0.3144 | KFW1: 0.2913 | KFX1: 0.27459 | KFY1: 0.27567 | KFZ1: 0.2735 | KGA1: 0.2792 | KGB1: 0.29188 | KGC1: 0.29203 | KGD1: 0.2875 | KGE1: 0.27539 | KGF1: 0.23882 | KGG1: 0.22846 | KGH1: 0.22711 | KGI1: 0.22022 | KGJ1: 0.2153 | KGK1: 0.21343 | KGL1: 0.20961 | KGM1: 0.20585 | KGN1: 0.20501 | KGO1: 0.20584 | KGP1: 0.21704 | KGQ1: 0.22921 | KGR1: 0.24074 | KGS1: 0.23752 | KGT1: 0.23925 | KGU1: 0.23844 | KGV1: 0.23528 | KGW1: 0.241 | KGX1: 0.24761 | KGY1: 0.25578 | KGZ1: 0.26101 | KHA1: 0.26951 | KHB1: 0.26769 | KHC1: 0.26189 | KHD1: 0.25218 | KHE1: 0.24304 | KHF1: 0.23649 | KHG1: 0.22608 | KHH1: 0.22404 | KHI1: 0.22031 | KHJ1: 0.22061 | KHK1: 0.21722 | KHL1: 0.21802 | KHM1: 0.2222 | KHN1: 0.24286 | KHO1: 0.25776 | KHP1: 0.27137 | KHQ1: 0.26446 | KHR1: 0.25244 | KHS1: 0.24868 | KHT1: 0.23534 | KHU1: 0.2354 | KHV1: 0.24549 | KHW1: 0.25535 | KHX1: 0.24755 | KHY1: 0.24986 | KHZ1: 0.24837 | KIA1: 0.24199 | KIB1: 0.22933 | KIC1: 0.22434 | KID1: 0.22179 | KIE1: 0.2117 | KIF1: 0.21552 | KIG1: 0.20903 | KIH1: 0.20347 | KII1: 0.20017 | KIJ1: 0.20241 | KIK1: 0.20055 | KIL1: 0.18742 | KIM1: 0.2037 | KIN1: 0.21835 | KIO1: 0.22337 | KIP1: 0.2212 | KIQ1: 0.21263 | KIR1: 0.21058 | KIS1: 0.21057 | KIT1: 0.20732 | KIU1: 0.21382 | KIV1: 0.22259 | KIW1: 0.23253 | KIX1: 0.22855 | KIY1: 0.21778 | KIZ1: 0.19627 | KJA1: 0.18642 | KJB1: 0.18743 | KJC1: 0.17927 | KJD1: 0.1937 | KJE1: 0.18288 | KJF1: 0.18608 | KJG1: 0.17232 | KJH1: 0.1556 | KJI1: 0.14841 | KJJ1: 0.15596 | KJK1: 0.17429 | KJL1: 0.1784 | KJM1: 0.179 | KJN1: 0.1819 | KJO1: 0.17839 | KJP1: 0.1685 | KJQ1: 0.16046 | KJR1: 0.17485 | KJS1: 0.1784 | KJT1: 0.1837 | KJU1: 0.21644 | KJV1: 0.1943 | KJW1: 0.179 | KJX1: 0.17101 | KJY1: 0.17839 | KJZ1: 0.18236 | KKA1: 0.17562 | KKB1: 0.17902 | KKC1: 0.17799 | KKD1: 0.17346 | KKE1: 0.15599 | KKF1: 0.17177 | KKG1: 0.18783 | KKH1: 0.20915 | KKI1: 0.23526 | KKJ1: 0.23551 | KKK1: 0.23316 | KKL1: 0.22511 | KKM1: 0.20658 | KKN1: 0.1931 | KKO1: 0.20773 | KKP1: 0.22312 | KKQ1: 0.23358 | KKR1: 0.24608 | KKS1: 0.2735 | KKT1: 0.27542 | KKU1: 0.26656 | KKV1: 0.24254 | KKW1: 0.23122 | KKX1: 0.23059 | KKY1: 0.2223 | KKZ1: 0.22066 | KLA1: 0.215 | KLB1: 0.20918 | KLC1: 0.20533 | KLD1: 0.20888 | KLE1: 0.21233 | KLF1: 0.22987 | KLG1: 0.24519 | KLH1: 0.26866 | KLI1: 0.27117 | KLJ1: 0.26986 | KLK1: 0.26641 | KLL1: 0.26179 | KLM1: 0.25774 | KLN1: 0.25375 | KLO1: 0.24238 | KLP1: 0.24649 | KLQ1: 0.25379 | KLR1: 0.24825 | KLS1: 0.23953 | KLT1: 0.2307 | KLU1: 0.22297 | KLV1: 0.21885 | KLW1: 0.20344 | KLX1: 0.21374 | KLY1: 0.2056 | KLZ1: 0.2002 | KMA1: 0.19512 | KMB1: 0.19556 | KMC1: 0.20689 | KMD1: 0.22115 | KME1: 0.24922 | KMF1: 0.25647 | KMG1: 0.25369 | KMH1: 0.23395 | KMI1: 0.22137 | KMJ1: 0.21086 | KMK1: 0.21096 | KML1: 0.22024 | KMM1: 0.24444 | KMN1: 0.24869 | KMO1: 0.2556 | KMP1: 0.25618 | KMQ1: 0.25386 | KMR1: 0.24958 | KMS1: 0.23665 | KMT1: 0.23002 | KMU1: 0.2171 | KMV1: 0.20756 | KMW1: 0.204 | KMX1: 0.2004 | KMY1: 0.19775 | KMZ1: 0.19783 | KNA1: 0.20608 | KNB1: 0.22077 | KNC1: 0.23504 | KND1: 0.24659 | KNE1: 0.24858 | KNF1: 0.24093 | KNG1: 0.22907 | KNH1: 0.22717 | KNI1: 0.23443 | KNJ1: 0.25522 | KNK1: 0.26845 | KNL1: 0.28857 | KNM1: 0.29586 | KNN1: 0.27494 | KNO1: 0.26765 | KNP1: 0.24493 | KNQ1: 0.23665 | KNR1: 0.2365 | KNS1: 0.22106 | KNT1: 0.22972 | KNU1: 0.21981 | KNV1: 0.21145 | KNW1: 0.20497 | KNX1: 0.20225 | KNY1: 0.20576 | KNZ1: 0.23066 | KOA1: 0.2489 | KOB1: 0.25768 | KOC1: 0.25518 | KOD1: 0.24935 | KOE1: 0.23044 | KOF1: 0.21874 | KOG1: 0.20883 | KOH1: 0.20978 | KOI1: 0.21984 | KOJ1: 0.22481 | KOK1: 0.24204 | KOL1: 0.24788 | KOM1: 0.2424 | KON1: 0.21981 | KOO1: 0.21995 | KOP1: 0.20685 | KOQ1: 0.1906 | KOR1: 0.1936 | KOS1: 0.19047 | KOT1: 0.19148 | KOU1: 0.19264 | KOV1: 0.19295 | KOW1: 0.19614 | KOX1: 0.19565 | KOY1: 0.20287 | KOZ1: 0.21108 | KPA1: 0.19922 | KPB1: 0.19214 | KPC1: 0.1871 | KPD1: 0.1848 | KPE1: 0.18945 | KPF1: 0.19928 | KPG1: 0.21815 | KPH1: 0.20091 | KPI1: 0.20916 | KPJ1: 0.19968 | KPK1: 0.1846 | KPL1: 0.17315 | KPM1: 0.16163 | KPN1: 0.1527 | KPO1: 0.13206 | KPP1: 0.11461 | KPQ1: 0.1136 | KPR1: 0.1136 | KPS1: 0.11359 | KPT1: 0.11358 | KPU1: 0.11357 | KPV1: 0.11355 | KPW1: 0.11357 | KPX1: 0.11497 | KPY1: 0.11735 | KPZ1: 0.11567 | KQA1: 0.11613 | KQB1: 0.11461 | KQC1: 0.11461 | KQD1: 0.11671 | KQE1: 0.12021 | KQF1: 0.12759 | KQG1: 0.12912 | KQH1: 0.12978 | KQI1: 0.12562 | KQJ1: 0.121 | KQK1: 0.1181 | KQL1: 0.11687 | KQM1: 0.11361 | KQN1: 0.11235 | KQO1: 0.11201 | KQP1: 0.11218 | KQQ1: 0.11174 | KQR1: 0.11218 | KQS1: 0.11332 | KQT1: 0.11369 | KQU1: 0.16798 | KQV1: 0.19061 | KQW1: 0.18017 | KQX1: 0.15615 | KQY1: 0.15497 | KQZ1: 0.1536 | KRA1: 0.17076 | KRB1: 0.18157 | KRC1: 0.20859 | KRD1: 0.20618 | KRE1: 0.22968 | KRF1: 0.2416 | KRG1: 0.2316 | KRH1: 0.20833 | KRI1: 0.19486 | KRJ1: 0.19986 | KRK1: 0.18277 | KRL1: 0.20313 | KRM1: 0.19159 | KRN1: 0.19126 | KRO1: 0.18415 | KRP1: 0.18632 | KRQ1: 0.19586 | KRR1: 0.21505 | KRS1: 0.2445 | KRT1: 0.25144 | KRU1: 0.24069 | KRV1: 0.22569 | KRW1: 0.2136 | KRX1: 0.2045 | KRY1: 0.21567 | KRZ1: 0.2297 | KSA1: 0.23755 | KSB1: 0.2567 | KSC1: 0.26912 | KSD1: 0.27451 | KSE1: 0.26688 | KSF1: 0.23998 | KSG1: 0.23183 | KSH1: 0.23573 | KSI1: 0.22694 | KSJ1: 0.21834 | KSK1: 0.21988 | KSL1: 0.2236 | KSM1: 0.22506 | KSN1: 0.22826 | KSO1: 0.23752 | KSP1: 0.2541 | KSQ1: 0.2736 | KSR1: 0.29844 | KSS1: 0.27805 | KST1: 0.2667 | KSU1: 0.2636 | KSV1: 0.25926 | KSW1: 0.25409 | KSX1: 0.24369 | KSY1: 0.2453 | KSZ1: 0.23116 | KTA1: 0.22384 | KTB1: 0.22589 | KTC1: 0.21544 | KTD1: 0.19174 | KTE1: 0.18546 | KTF1: 0.18065 | KTG1: 0.16238 | KTH1: 0.16281 | KTI1: 0.15481 | KTJ1: 0.14655 | KTK1: 0.14568 | KTL1: 0.14529 | KTM1: 0.16589 | KTN1: 0.17858 | KTO1: 0.20173 | KTP1: 0.22101 | KTQ1: 0.22101 | KTR1: 0.2057 | KTS1: 0.2123 | KTT1: 0.20976 | KTU1: 0.21028 | KTV1: 0.21146 | KTW1: 0.22519 | KTX1: 0.24622 | KTY1: 0.26293 | KTZ1: 0.27183 | KUA1: 0.26751 | KUB1: 0.25757 | KUC1: 0.24609 | KUD1: 0.23576 | KUE1: 0.2262 | KUF1: 0.2239 | KUG1: 0.22061 | KUH1: 0.21707 | KUI1: 0.2164 | KUJ1: 0.2189 | KUK1: 0.22888 | KUL1: 0.2587 | KUM1: 0.28288 | KUN1: 0.29495 | KUO1: 0.27609 | KUP1: 0.25661 | KUQ1: 0.25 | KUR1: 0.24019 | KUS1: 0.2331 | KUT1: 0.24318 | KUU1: 0.25462 | KUV1: 0.26561 | KUW1: 0.26404 | KUX1: 0.25563 | KUY1: 0.24441 | KUZ1: 0.2335 | KVA1: 0.2287 | KVB1: 0.22733 | KVC1: 0.21705 | KVD1: 0.21243 | KVE1: 0.2056 | KVF1: 0.20329 | KVG1: 0.2005 | KVH1: 0.20178 | KVI1: 0.20378 | KVJ1: 0.2025 | KVK1: 0.21666 | KVL1: 0.22099 | KVM1: 0.20477 | KVN1: 0.1988 | KVO1: 0.19972 | KVP1: 0.2013 | KVQ1: 0.20363 | KVR1: 0.20695 | KVS1: 0.23794 | KVT1: 0.24649 | KVU1: 0.25054 | KVV1: 0.2495 | KVW1: 0.24556 | KVX1: 0.23811 | KVY1: 0.22868 | KVZ1: 0.22838 | KWA1: 0.22027 | KWB1: 0.21326 | KWC1: 0.20361 | KWD1: 0.20174 | KWE1: 0.1993 | KWF1: 0.1984 | KWG1: 0.19891 | KWH1: 0.19803 | KWI1: 0.20357 | KWJ1: 0.21324 | KWK1: 0.2082 | KWL1: 0.2029 | KWM1: 0.19598 | KWN1: 0.19885 | KWO1: 0.19668 | KWP1: 0.20421 | KWQ1: 0.22222 | KWR1: 0.23513 | KWS1: 0.23137 | KWT1: 0.23511 | KWU1: 0.22383 | KWV1: 0.20495 | KWW1: 0.19796 | KWX1: 0.21058 | KWY1: 0.1986 | KWZ1: 0.18837 | KXA1: 0.17938 | KXB1: 0.17477 | KXC1: 0.16004 | KXD1: 0.16381 | KXE1: 0.18313 | KXF1: 0.20568 | KXG1: 0.23885 | KXH1: 0.2388 | KXI1: 0.23723 | KXJ1: 0.23487 | KXK1: 0.2294 | KXL1: 0.22869 | KXM1: 0.2412 | KXN1: 0.25034 | KXO1: 0.25764 | KXP1: 0.25835 | KXQ1: 0.26128 | KXR1: 0.2615 | KXS1: 0.2516 | KXT1: 0.23361 | KXU1: 0.22628 | KXV1: 0.22532 | KXW1: 0.21581 | KXX1: 0.22433 | KXY1: 0.21665 | KXZ1: 0.20988 | KYA1: 0.20682 | KYB1: 0.21408 | KYC1: 0.22169 | KYD1: 0.23536 | KYE1: 0.25599 | KYF1: 0.26822 | KYG1: 0.26369 | KYH1: 0.25497 | KYI1: 0.25283 | KYJ1: 0.24922 | KYK1: 0.25601 | KYL1: 0.26362 | KYM1: 0.28254 | KYN1: 0.31878 | KYO1: 0.3236 | KYP1: 0.31148 | KYQ1: 0.30343 | KYR1: 0.28364 | KYS1: 0.26721 | KYT1: 0.25568 | KYU1: 0.24441 | KYV1: 0.23459 | KYW1: 0.23026 | KYX1: 0.22639 | KYY1: 0.22379 | KYZ1: 0.22586 | KZA1: 0.23451 | KZB1: 0.2588 | KZC1: 0.32336 | KZD1: 0.39026 | KZE1: 0.36436 | KZF1: 0.32581 | KZG1: 0.31255 | KZH1: 0.30585 | KZI1: 0.31342 | KZJ1: 0.33204 | KZK1: 0.35647 | KZL1: 0.38095 | KZM1: 0.40136 | KZN1: 0.34382 | KZO1: 0.31119 | KZP1: 0.27928 | KZQ1: 0.26194 | KZR1: 0.24193 | KZS1: 0.22687 | KZT1: 0.22837 | KZU1: 0.21934 | KZV1: 0.21687 | KZW1: 0.2181 | KZX1: 0.21687 | KZY1: 0.21772 | KZZ1: 0.24948 | LAA1: 0.25714 | LAB1: 0.25489 | LAC1: 0.24538 | LAD1: 0.23852 | LAE1: 0.22091 | LAF1: 0.21627 | LAG1: 0.21653 | LAH1: 0.21649 | LAI1: 0.21447 | LAJ1: 0.2151 | LAK1: 0.23191 | LAL1: 0.22576 | LAM1: 0.21896 | LAN1: 0.20073 | LAO1: 0.1909 | LAP1: 0.18777 | LAQ1: 0.15674 | LAR1: 0.12424 | LAS1: 0.1182 | LAT1: 0.11747 | LAU1: 0.11591 | LAV1: 0.11659 | LAW1: 0.12395 | LAX1: 0.17709 | LAY1: 0.20631 | LAZ1: 0.22377 | LBA1: 0.22376 | LBB1: 0.21768 | LBC1: 0.21197 | LBD1: 0.2055 | LBE1: 0.2143 | LBF1: 0.2226 | LBG1: 0.23052 | LBH1: 0.24515 | LBI1: 0.25659 | LBJ1: 0.26467 | LBK1: 0.25608 | LBL1: 0.2436 | LBM1: 0.23302 | LBN1: 0.23468 | LBO1: 0.21574 | LBP1: 0.20025 | LBQ1: 0.18792 | LBR1: 0.1816 | LBS1: 0.17747 | LBT1: 0.17169 | LBU1: 0.16376 | LBV1: 0.15306 | LBW1: 0.15688 | LBX1: 0.17166 | LBY1: 0.17646 | LBZ1: 0.17852 | LCA1: 0.17852 | LCB1: 0.1816 | LCC1: 0.18644 | LCD1: 0.18784 | LCE1: 0.1961 | LCF1: 0.21005 | LCG1: 0.2096 | LCH1: 0.20152 | LCI1: 0.19601 | LCJ1: 0.19252 | LCK1: 0.19863 | LCL1: 0.1961 | LCM1: 0.1884 | LCN1: 0.20751 | LCO1: 0.20043 | LCP1: 0.20033 | LCQ1: 0.19755 | LCR1: 0.19804 | LCS1: 0.20473 | LCT1: 0.20485 | LCU1: 0.20489 | LCV1: 0.21444 | LCW1: 0.223 | LCX1: 0.22444 | LCY1: 0.23099 | LCZ1: 0.23196 | LDA1: 0.23034 | LDB1: 0.22551 | LDC1: 0.23498 | LDD1: 0.21954 | LDE1: 0.22721 | LDF1: 0.21215 | LDG1: 0.21129 | LDH1: 0.20489 | LDI1: 0.20416 | LDJ1: 0.2022 | LDK1: 0.18861 | LDL1: 0.18496 | LDM1: 0.16943 | LDN1: 0.14873 | LDO1: 0.148 | LDP1: 0.15361 | LDQ1: 0.18584 | LDR1: 0.193 | LDS1: 0.22694 | LDT1: 0.23614 | LDU1: 0.23672 | LDV1: 0.24341 | LDW1: 0.2423 | LDX1: 0.24192 | LDY1: 0.23811 | LDZ1: 0.23495 | LEA1: 0.23043 | LEB1: 0.22968 | LEC1: 0.23417 | LED1: 0.23729 | LEE1: 0.23936 | LEF1: 0.22857 | LEG1: 0.21458 | LEH1: 0.21208 | LEI1: 0.20637 | LEJ1: 0.20645 | LEK1: 0.20293 | LEL1: 0.2001 | LEM1: 0.1973 | LEN1: 0.20081 | LEO1: 0.20267 | LEP1: 0.22566 | LEQ1: 0.24878 | LER1: 0.28336 | LES1: 0.29574 | LET1: 0.29835 | LEU1: 0.3001 | LEV1: 0.29422 | LEW1: 0.30438 | LEX1: 0.30301 | LEY1: 0.31124 | LEZ1: 0.31378 | LFA1: 0.31598 | LFB1: 0.2946 | LFC1: 0.29377 | LFD1: 0.2802 | LFE1: 0.26475 | LFF1: 0.25154 | LFG1: 0.23497 | LFH1: 0.22954 | LFI1: 0.22182 | LFJ1: 0.22091 | LFK1: 0.21977 | LFL1: 0.22229 | LFM1: 0.23891 | LFN1: 0.27702 | LFO1: 0.4091 | LFP1: 0.48257 | LFQ1: 0.49072 | LFR1: 0.46224 | LFS1: 0.49359 | LFT1: 0.49947 | LFU1: 0.51851 | LFV1: 0.48556 | LFW1: 0.49454 | LFX1: 0.55147 | LFY1: 0.55868 | LFZ1: 0.47352 | LGA1: 0.45485 | LGB1: 0.32042 | LGC1: 0.2848 | LGD1: 0.2636 | LGE1: 0.24956 | LGF1: 0.23584 | LGG1: 0.2289 | LGH1: 0.22356 | LGI1: 0.22095 | LGJ1: 0.22611 | LGK1: 0.23727 | LGL1: 0.28978 | LGM1: 0.71359 | LGN1: 0.7692 | LGO1: 0.76036 | LGP1: 0.65743 | LGQ1: 0.57896 | LGR1: 0.51859 | LGS1: 0.5289 | LGT1: 0.60394 | LGU1: 0.78209 | LGV1: 0.93258 | LGW1: 1.04988 | LGX1: 0.78778 | LGY1: 0.66461 | LGZ1: 0.40926 | LHA1: 0.283 | LHB1: 0.2636 | LHC1: 0.24835 | LHD1: 0.24367 | LHE1: 0.2365 | LHF1: 0.23257 | LHG1: 0.22855 | LHH1: 0.22924 | LHI1: 0.23943 | LHJ1: 0.27013 | LHK1: 0.30131 | LHL1: 0.3666 | LHM1: 0.35934 | LHN1: 0.32202 | LHO1: 0.288 | LHP1: 0.27966 | LHQ1: 0.2786 | LHR1: 0.2981 | LHS1: 0.33437 | LHT1: 0.36366 | LHU1: 0.39781 | LHV1: 0.3736 | LHW1: 0.3392 | LHX1: 0.2886 | LHY1: 0.25982 | LHZ1: 0.24869 | LIA1: 0.23012 | LIB1: 0.23054 | LIC1: 0.22496 | LID1: 0.22164 | LIE1: 0.21262 | LIF1: 0.20704 | LIG1: 0.20515 | LIH1: 0.20595 | LII1: 0.21527 | LIJ1: 0.22735 | LIK1: 0.23858 | LIL1: 0.23453 | LIM1: 0.22108 | LIN1: 0.21831 | LIO1: 0.21656 | LIP1: 0.21023 | LIQ1: 0.21184 | LIR1: 0.21927 | LIS1: 0.23472 | LIT1: 0.20675 | LIU1: 0.2092 | LIV1: 0.19961 | LIW1: 0.19638 | LIX1: 0.20085 | LIY1: 0.18741 | LIZ1: 0.18718 | LJA1: 0.18208 | LJB1: 0.18121 | LJC1: 0.17299 | LJD1: 0.16893 | LJE1: 0.16634 | LJF1: 0.15922 | LJG1: 0.16752 | LJH1: 0.1789 | LJI1: 0.18425 | LJJ1: 0.17886 | LJK1: 0.1745 | LJL1: 0.1751 | LJM1: 0.16111 | LJN1: 0.16307 | LJO1: 0.16152 | LJP1: 0.1516 | LJQ1: 0.15702 | LJR1: 0.14193 | LJS1: 0.13815 | LJT1: 0.13215 | LJU1: 0.12756 | LJV1: 0.12368 | LJW1: 0.11589 | LJX1: 0.11369 | LJY1: 0.1137 | LJZ1: 0.11365 | LKA1: 0.11367 | LKB1: 0.11359 | LKC1: 0.11535 | LKD1: 0.12133 | LKE1: 0.1729 | LKF1: 0.18539 | LKG1: 0.18951 | LKH1: 0.18906 | LKI1: 0.19373 | LKJ1: 0.19882 | LKK1: 0.1953 | LKL1: 0.1953 | LKM1: 0.1953 | LKN1: 0.1876 | LKO1: 0.19516 | LKP1: 0.18561 | LKQ1: 0.18454 | LKR1: 0.1751 | LKS1: 0.15801 | LKT1: 0.158 | LKU1: 0.13019 | LKV1: 0.15105 | LKW1: 0.13517 | LKX1: 0.13454 | LKY1: 0.13861 | LKZ1: 0.14258 | LLA1: 0.17087 | LLB1: 0.18137 | LLC1: 0.21854 | LLD1: 0.22952 | LLE1: 0.22764 | LLF1: 0.222 | LLG1: 0.21598 | LLH1: 0.21632 | LLI1: 0.2198 | LLJ1: 0.22323 | LLK1: 0.23002 | LLL1: 0.2307 | LLM1: 0.24093 | LLN1: 0.2352 | LLO1: 0.2217 | LLP1: 0.21211 | LLQ1: 0.20944 | LLR1: 0.20604 | LLS1: 0.18426 | LLT1: 0.18278 | LLU1: 0.16591 | LLV1: 0.16201 | LLW1: 0.1586 | LLX1: 0.14385 | LLY1: 0.1516 | LLZ1: 0.16351 | LMA1: 0.1715 | LMB1: 0.19118 | LMC1: 0.18642 | LMD1: 0.17959 | LME1: 0.17668 | LMF1: 0.17667 | LMG1: 0.17668 | LMH1: 0.17668 | LMI1: 0.16923 | LMJ1: 0.16041 | LMK1: 0.1715 | LML1: 0.17668 | LMM1: 0.17668 | LMN1: 0.1715 | LMO1: 0.16429 | LMP1: 0.15674 | LMQ1: 0.13504 | LMR1: 0.12488 | LMS1: 0.12683 | LMT1: 0.11905 | LMU1: 0.11485 | LMV1: 0.11391 | LMW1: 0.1156 | LMX1: 0.12217 | LMY1: 0.16755 | LMZ1: 0.18104 | LNA1: 0.18202 | LNB1: 0.17944 | LNC1: 0.1813 | LND1: 0.18332 | LNE1: 0.184 | LNF1: 0.18332 | LNG1: 0.18407 | LNH1: 0.18506 | LNI1: 0.19512 | LNJ1: 0.20618 | LNK1: 0.20096 | LNL1: 0.18897 | LNM1: 0.1836 | LNN1: 0.18332 | LNO1: 0.16861 | LNP1: 0.16132 | LNQ1: 0.14508 | LNR1: 0.12991 | LNS1: 0.13103 | LNT1: 0.13642 | LNU1: 0.16209 | LNV1: 0.17975 | LNW1: 0.216 | LNX1: 0.22332 | LNY1: 0.22025 | LNZ1: 0.21674 | LOA1: 0.21104 | LOB1: 0.20116 | LOC1: 0.19744 | LOD1: 0.20163 | LOE1: 0.21227 | LOF1: 0.21884 | LOG1: 0.22349 | LOH1: 0.21478 | LOI1: 0.21225 | LOJ1: 0.20333 | LOK1: 0.18542 | LOL1: 0.18394 | LOM1: 0.17186 | LON1: 0.14135 | LOO1: 0.13635 | LOP1: 0.13516 | LOQ1: 0.13301 | LOR1: 0.13171 | LOS1: 0.13364 | LOT1: 0.1336 | LOU1: 0.13481 | LOV1: 0.13647 | LOW1: 0.14293 | LOX1: 0.14503 | LOY1: 0.14461 | LOZ1: 0.14483 | LPA1: 0.1435 | LPB1: 0.13952 | LPC1: 0.14088 | LPD1: 0.14291 | LPE1: 0.14287 | LPF1: 0.14155 | LPG1: 0.13433 | LPH1: 0.1289 | LPI1: 0.1185 | LPJ1: 0.1166 | LPK1: 0.1146 | LPL1: 0.1136 | LPM1: 0.11357 | LPN1: 0.11314 | LPO1: 0.11256 | LPP1: 0.11154 | LPQ1: 0.11313 | LPR1: 0.11292 | LPS1: 0.11348 | LPT1: 0.11706 | LPU1: 0.1342 | LPV1: 0.13377 | LPW1: 0.1366 | LPX1: 0.13479 | LPY1: 0.13499 | LPZ1: 0.14162 | LQA1: 0.15537 | LQB1: 0.16053 | LQC1: 0.17907 | LQD1: 0.17439 | LQE1: 0.17181 | LQF1: 0.16053 | LQG1: 0.15026 | LQH1: 0.1498 | LQI1: 0.1381 | LQJ1: 0.14279 | LQK1: 0.13373 | LQL1: 0.12791 | LQM1: 0.12272 | LQN1: 0.12338 | LQO1: 0.1284 | LQP1: 0.13099 | LQQ1: 0.16561 | LQR1: 0.17294 | LQS1: 0.17322 | LQT1: 0.16633 | LQU1: 0.1656 | LQV1: 0.16777 | LQW1: 0.16841 | LQX1: 0.17516 | LQY1: 0.18729 | LQZ1: 0.19616 | LRA1: 0.21185 | LRB1: 0.21535 | LRC1: 0.21107 | LRD1: 0.20619 | LRE1: 0.22189 | LRF1: 0.21942 | LRG1: 0.21059 | LRH1: 0.19963 | LRI1: 0.19644 | LRJ1: 0.19549 | LRK1: 0.1916 | LRL1: 0.19238 | LRM1: 0.1942 | LRN1: 0.19867 | LRO1: 0.21443 | LRP1: 0.22869 | LRQ1: 0.23455 | LRR1: 0.2336 | LRS1: 0.23176 | LRT1: 0.23109 | LRU1: 0.22898 | LRV1: 0.23158 | LRW1: 0.2331 | LRX1: 0.23381 | LRY1: 0.2316 | LRZ1: 0.22458 | LSA1: 0.21926 | LSB1: 0.21616 | LSC1: 0.20823 | LSD1: 0.21264 | LSE1: 0.2036 | LSF1: 0.20497 | LSG1: 0.20004 | LSH1: 0.19867 | LSI1: 0.19441 | LSJ1: 0.18959 | LSK1: 0.19441 | LSL1: 0.19661 | LSM1: 0.19854 | LSN1: 0.20381 | LSO1: 0.21284 | LSP1: 0.20716 | LSQ1: 0.20615 | LSR1: 0.20801 | LSS1: 0.20463 | LST1: 0.21277 | LSU1: 0.22629 | LSV1: 0.23161 | LSW1: 0.23413 | LSX1: 0.23271 | LSY1: 0.23161 | LSZ1: 0.23193 | LTA1: 0.22661 | LTB1: 0.22767 | LTC1: 0.21823 | LTD1: 0.21577 | LTE1: 0.20866 | LTF1: 0.20821 | LTG1: 0.20324 | LTH1: 0.20447 | LTI1: 0.2087 | LTJ1: 0.2126 | LTK1: 0.22621 | LTL1: 0.2327 | LTM1: 0.23183 | LTN1: 0.22685 | LTO1: 0.21961 | LTP1: 0.22131 | LTQ1: 0.2175 | LTR1: 0.22324 | LTS1: 0.23435 | LTT1: 0.24324 | LTU1: 0.2515 | LTV1: 0.25165 | LTW1: 0.24931 | LTX1: 0.24273 | LTY1: 0.23445 | LTZ1: 0.2371 | LUA1: 0.23058 | LUB1: 0.22039 | LUC1: 0.21512 | LUD1: 0.21463 | LUE1: 0.21334 | LUF1: 0.21318 | LUG1: 0.2198 | LUH1: 0.2293 | LUI1: 0.23789 | LUJ1: 0.24545 | LUK1: 0.24375 | LUL1: 0.2337 | LUM1: 0.22154 | LUN1: 0.22141 | LUO1: 0.22154 | LUP1: 0.23525 | LUQ1: 0.25006 | LUR1: 0.25985 | LUS1: 0.2654 | LUT1: 0.272 | LUU1: 0.26003 | LUV1: 0.24674 | LUW1: 0.23902 | LUX1: 0.24036 | LUY1: 0.2276 | LUZ1: 0.24 | LVA1: 0.23023 | LVB1: 0.22375 | LVC1: 0.21952 | LVD1: 0.21653 | LVE1: 0.21918 | LVF1: 0.22331 | LVG1: 0.23784 | LVH1: 0.2416 | LVI1: 0.2419 | LVJ1: 0.23643 | LVK1: 0.227 | LVL1: 0.22257 | LVM1: 0.22361 | LVN1: 0.23143 | LVO1: 0.25144 | LVP1: 0.25685 | LVQ1: 0.2656 | LVR1: 0.26111 | LVS1: 0.25408 | LVT1: 0.24286 | LVU1: 0.2395 | LVV1: 0.23485 | LVW1: 0.22853 | LVX1: 0.24099 | LVY1: 0.22769 | LVZ1: 0.22131 | LWA1: 0.2153 | LWB1: 0.21133 | LWC1: 0.21221 | LWD1: 0.21176 | LWE1: 0.21569 | LWF1: 0.22431 | LWG1: 0.22825 | LWH1: 0.21767 | LWI1: 0.21379 | LWJ1: 0.21432 | LWK1: 0.21333 | LWL1: 0.21204 | LWM1: 0.21761 | LWN1: 0.23533 | LWO1: 0.2356 | LWP1: 0.23971 | LWQ1: 0.23494 | LWR1: 0.22352 | LWS1: 0.20381 | LWT1: 0.19739 | LWU1: 0.18523 | LWV1: 0.18533 | LWW1: 0.1822 | LWX1: 0.1822 | LWY1: 0.17825 | LWZ1: 0.18049

Sheet emin
A1: 100

Sheet emax
A1: 800

Sheet einit
A1: 50

Sheet pch
A1: 200

Sheet pdis
A1: 200

Sheet nch
A1: 0.9

Sheet ndis
A1: 0.9

Sheet p
A1: 1
A2: 2
A3: 3
A4: 4
A5: 5
A6: 6
A7: 7
A8: 8
A9: 9
A10: 10
A11: 11
A12: 12
... A24: 24

Sheet ed
A1: 116.501 | B1: 119.4973 | C1: 118.8716 | D1: 116.3487 | E1: 120.0515 | F1: 134.5205 | G1: 172.5951 | H1: 239.439 | I1: 419.0522 | J1: 433.8018 | K1: 428.1166 | L1: 417.6098 | M1: 397.3689 | N1: 442.2613 | O1: 463.0683 | P1: 448.9926 | Q1: 427.0494 | R1: 336.5368 | S1: 252.2501 | T1: 230.1539 | U1: 184.7931 | V1: 168.9456 | W1: 141.7515 | X1: 124.1437

Sheet rg
A1: 0 | B1: 0 | C1: 0 | D1: 0 | E1: 0 | F1: 0 | G1: 5.513 | H1: 30.329 | I1: 63.677 | J1: 95.188 | K1: 126.307 | L1: 146.259 | M1: 152.352 | N1: 148.518 | O1: 135.458 | P1: 113.187 | Q1: 78.593 | R1: 54.819 | S1: 27.412 | T1: 3.836 | U1: 0 | V1: 0 | W1: 0 | X1: 0

Sheet dr
A1: 0 | B1: 0 | C1: 0 | D1: 0 | E1: 0 | F1: 0 | G1: 0 | H1: 0 | I1: 0 | J1: 0 | K1: 0 | L1: 0 | M1: 0 | N1: 0 | O1: 0 | P1: 1 | Q1: 1 | R1: 1 | S1: 1 | T1: 0 | U1: 0 | V1: 0 | W1: 0 | X1: 0

Sheet baseline
A1: 300

Sheet RESULTS
